dataset,method,round,phase,existing_id,existing_ood,newcomer_id,newcomer_ood
cifar10,DualFed,0,phase1,0.16666667,0.08333333,,
cifar10,DualFed,1,phase1,0.5,0.0,,
cifar10,DualFed,2,phase1,0.54316667,0.0,,
cifar10,DualFed,3,phase1,0.63183333,0.0,,
cifar10,DualFed,4,phase1,0.6745,0.0,,
cifar10,DualFed,5,phase1,0.704,0.0,,
cifar10,DualFed,6,phase1,0.7185,0.0,,
cifar10,DualFed,7,phase1,0.725,0.0,,
cifar10,DualFed,8,phase1,0.73433333,0.0,,
cifar10,DualFed,9,phase1,0.73616667,0.0,,
cifar10,DualFed,10,phase1,0.74116667,0.0,,
cifar10,DualFed,11,phase1,0.74766667,0.0,,
cifar10,DualFed,12,phase1,0.751,0.0,,
cifar10,DualFed,13,phase1,0.75816667,0.0,,
cifar10,DualFed,14,phase1,0.7635,0.0,,
cifar10,DualFed,15,phase1,0.76533333,0.0,,
cifar10,DualFed,16,phase1,0.7695,0.0,,
cifar10,DualFed,17,phase1,0.77133333,0.0,,
cifar10,DualFed,18,phase1,0.77333333,0.0,,
cifar10,DualFed,19,phase1,0.7755,0.0,,
cifar10,DualFed,20,phase1,0.77816667,0.0,,
cifar10,DualFed,21,phase1,0.78033333,0.0,,
cifar10,DualFed,22,phase1,0.7805,0.0,,
cifar10,DualFed,23,phase1,0.78133333,0.0,,
cifar10,DualFed,24,phase1,0.784,0.0,,
cifar10,DualFed,25,phase1,0.78433333,0.0,,
cifar10,DualFed,26,phase1,0.78733333,0.0,,
cifar10,DualFed,27,phase1,0.78933333,0.0,,
cifar10,DualFed,28,phase1,0.79466667,0.0,,
cifar10,DualFed,29,phase1,0.79566667,0.0,,
cifar10,DualFed,30,phase1,0.7925,0.0,,
cifar10,DualFed,31,phase1,0.8005,0.0,,
cifar10,DualFed,32,phase1,0.80533333,0.0,,
cifar10,DualFed,33,phase1,0.80616667,0.0,,
cifar10,DualFed,34,phase1,0.805,0.0,,
cifar10,DualFed,35,phase1,0.81066667,0.0,,
cifar10,DualFed,36,phase1,0.81083333,0.0,,
cifar10,DualFed,37,phase1,0.81383333,0.0,,
cifar10,DualFed,38,phase1,0.81233333,0.0,,
cifar10,DualFed,39,phase1,0.81116667,0.0,,
cifar10,DualFed,40,phase1,0.816,0.0,,
cifar10,DualFed,41,phase1,0.81833333,0.0,,
cifar10,DualFed,42,phase1,0.81533333,0.0,,
cifar10,DualFed,43,phase1,0.82233333,0.0,,
cifar10,DualFed,44,phase1,0.82616667,0.0,,
cifar10,DualFed,45,phase1,0.82583333,0.0,,
cifar10,DualFed,46,phase1,0.82316667,0.0,,
cifar10,DualFed,47,phase1,0.81683333,0.0,,
cifar10,DualFed,48,phase1,0.82116667,0.0,,
cifar10,DualFed,49,phase1,0.8225,0.0,,
cifar10,DualFed,50,phase1,0.8295,0.0,,
cifar10,DualFed,51,phase2,0.823,0.0,0.0,0.125
cifar10,DualFed,52,phase2,0.8105,0.0,0.0,0.195
cifar10,DualFed,53,phase2,0.8245,0.0,0.5345,0.0690625
cifar10,DualFed,54,phase2,0.8125,0.0,0.638,0.000625
cifar10,DualFed,55,phase2,0.819,0.0,0.671,0.0
cifar10,DualFed,56,phase2,0.81,0.0,0.6975,0.0
cifar10,DualFed,57,phase2,0.81366667,0.0,0.7165,0.0
cifar10,DualFed,58,phase2,0.81033333,0.0,0.72975,0.0
cifar10,DualFed,59,phase2,0.821,0.0,0.746,0.0
cifar10,DualFed,60,phase2,0.81566667,0.0,0.75675,0.0
cifar10,DualFed,61,phase2,0.81016667,0.0,0.77025,0.0
cifar10,DualFed,62,phase2,0.81883333,0.0,0.77775,0.0
cifar10,DualFed,63,phase2,0.825,0.0,0.788,0.0
cifar10,DualFed,64,phase2,0.82266667,0.0,0.7935,0.0
cifar10,DualFed,65,phase2,0.8205,0.0,0.801,0.0
cifar10,DualFed,66,phase2,0.82216667,0.0,0.80475,0.0
cifar10,DualFed,67,phase2,0.82516667,0.0,0.8085,0.0
cifar10,DualFed,68,phase2,0.82516667,0.0,0.81525,0.0
cifar10,DualFed,69,phase2,0.824,0.0,0.81525,0.0
cifar10,DualFed,70,phase2,0.8315,0.0,0.8195,0.0
cifar10,DualFed,71,phase2,0.82066667,0.0,0.827,0.0
cifar10,DualFed,72,phase2,0.81933333,0.0,0.82475,0.0
cifar10,DualFed,73,phase2,0.8125,0.0,0.829,0.0
cifar10,DualFed,74,phase2,0.82166667,0.0,0.83225,0.0
cifar10,DualFed,75,phase2,0.82666667,0.0,0.833,0.0
cifar10,DualFed,76,phase2,0.81933333,0.0,0.834,0.0
cifar10,DualFed,77,phase2,0.82583333,0.0,0.83475,0.0
cifar10,DualFed,78,phase2,0.83166667,0.0,0.83775,0.0
cifar10,DualFed,79,phase2,0.83066667,0.0,0.84075,0.0
cifar10,DualFed,80,phase2,0.82933333,0.0,0.84275,0.0
cifar10,DualFed,81,phase2,0.82466667,0.0,0.84325,0.0
cifar10,DualFed,82,phase2,0.83516667,0.0,0.848,0.0
cifar10,DualFed,83,phase2,0.83183333,0.0,0.847,0.0
cifar10,DualFed,84,phase2,0.82733333,0.0,0.85125,0.0
cifar10,DualFed,85,phase2,0.82583333,0.0,0.85125,0.0
cifar10,DualFed,86,phase2,0.829,0.0,0.8545,0.0
cifar10,DualFed,87,phase2,0.82583333,0.0,0.8535,0.0
cifar10,DualFed,88,phase2,0.83316667,0.0,0.85875,0.0
cifar10,DualFed,89,phase2,0.83716667,0.0,0.8625,0.0
cifar10,DualFed,90,phase2,0.82433333,0.0,0.85975,0.0
cifar10,DualFed,91,phase2,0.83483333,0.0,0.86425,0.0
cifar10,DualFed,92,phase2,0.834,0.0,0.859,0.0
cifar10,DualFed,93,phase2,0.82683333,0.0,0.861,0.0
cifar10,DualFed,94,phase2,0.82933333,0.0,0.85975,0.0
cifar10,DualFed,95,phase2,0.82816667,0.0,0.86725,0.0
cifar10,DualFed,96,phase2,0.83233333,0.0,0.864,0.0
cifar10,DualFed,97,phase2,0.83516667,0.0,0.87,0.0
cifar10,DualFed,98,phase2,0.83616667,0.0,0.8675,0.0
cifar10,DualFed,99,phase2,0.83333333,0.0,0.86425,0.0
cifar10,DualFed,100,phase2,0.83666667,0.0,0.87175,0.0
cifar10,FedALA,0,phase1,0.16666667,0.08333333,,
cifar10,FedALA,1,phase1,0.49566667,8.333e-05,,
cifar10,FedALA,2,phase1,0.50433333,0.00045833,,
cifar10,FedALA,3,phase1,0.643,0.0,,
cifar10,FedALA,4,phase1,0.6885,0.0,,
cifar10,FedALA,5,phase1,0.705,0.0,,
cifar10,FedALA,6,phase1,0.711,0.0,,
cifar10,FedALA,7,phase1,0.72133333,0.0,,
cifar10,FedALA,8,phase1,0.7275,0.0,,
cifar10,FedALA,9,phase1,0.73,0.0,,
cifar10,FedALA,10,phase1,0.73716667,0.0,,
cifar10,FedALA,11,phase1,0.742,0.0,,
cifar10,FedALA,12,phase1,0.74583333,0.0,,
cifar10,FedALA,13,phase1,0.747,0.0,,
cifar10,FedALA,14,phase1,0.75166667,0.0,,
cifar10,FedALA,15,phase1,0.7525,0.0,,
cifar10,FedALA,16,phase1,0.757,0.0,,
cifar10,FedALA,17,phase1,0.7595,0.0,,
cifar10,FedALA,18,phase1,0.761,0.0,,
cifar10,FedALA,19,phase1,0.763,0.0,,
cifar10,FedALA,20,phase1,0.761,0.0,,
cifar10,FedALA,21,phase1,0.763,0.0,,
cifar10,FedALA,22,phase1,0.76733333,0.0,,
cifar10,FedALA,23,phase1,0.76616667,0.0,,
cifar10,FedALA,24,phase1,0.7685,0.0,,
cifar10,FedALA,25,phase1,0.77533333,0.0,,
cifar10,FedALA,26,phase1,0.76966667,0.0,,
cifar10,FedALA,27,phase1,0.7725,0.0,,
cifar10,FedALA,28,phase1,0.76633333,0.0,,
cifar10,FedALA,29,phase1,0.78133333,0.0,,
cifar10,FedALA,30,phase1,0.78033333,0.0,,
cifar10,FedALA,31,phase1,0.78283333,0.0,,
cifar10,FedALA,32,phase1,0.783,0.0,,
cifar10,FedALA,33,phase1,0.784,0.0,,
cifar10,FedALA,34,phase1,0.784,0.0,,
cifar10,FedALA,35,phase1,0.79366667,0.0,,
cifar10,FedALA,36,phase1,0.78783333,0.0,,
cifar10,FedALA,37,phase1,0.781,0.0,,
cifar10,FedALA,38,phase1,0.7935,0.0,,
cifar10,FedALA,39,phase1,0.7925,0.0,,
cifar10,FedALA,40,phase1,0.79816667,0.0,,
cifar10,FedALA,41,phase1,0.799,0.0,,
cifar10,FedALA,42,phase1,0.80416667,0.0,,
cifar10,FedALA,43,phase1,0.8045,0.0,,
cifar10,FedALA,44,phase1,0.80866667,0.0,,
cifar10,FedALA,45,phase1,0.8125,0.0,,
cifar10,FedALA,46,phase1,0.81416667,0.0,,
cifar10,FedALA,47,phase1,0.81366667,0.0,,
cifar10,FedALA,48,phase1,0.81416667,0.0,,
cifar10,FedALA,49,phase1,0.81666667,0.0,,
cifar10,FedALA,50,phase1,0.82033333,0.0,,
cifar10,FedALA,51,phase2,0.815,0.0,0.0,0.1125
cifar10,FedALA,52,phase2,0.77816667,0.0,0.0,0.132625
cifar10,FedALA,53,phase2,0.75533333,0.0,0.5365,0.004125
cifar10,FedALA,54,phase2,0.777,0.0,0.6495,0.0
cifar10,FedALA,55,phase2,0.77066667,0.0,0.7005,0.0
cifar10,FedALA,56,phase2,0.77633333,0.0,0.7145,0.0
cifar10,FedALA,57,phase2,0.79083333,0.0,0.7475,0.0
cifar10,FedALA,58,phase2,0.80233333,0.0,0.75175,0.0
cifar10,FedALA,59,phase2,0.79983333,0.0,0.75525,0.0
cifar10,FedALA,60,phase2,0.78683333,0.0,0.74825,0.0
cifar10,FedALA,61,phase2,0.78716667,0.0,0.75825,0.0
cifar10,FedALA,62,phase2,0.79183333,0.0,0.76375,0.0
cifar10,FedALA,63,phase2,0.78383333,0.0,0.77225,0.0
cifar10,FedALA,64,phase2,0.78533333,0.0,0.7735,0.0
cifar10,FedALA,65,phase2,0.75316667,0.0,0.78125,0.0
cifar10,FedALA,66,phase2,0.78766667,0.0,0.77975,0.0
cifar10,FedALA,67,phase2,0.7645,0.0,0.791,0.0
cifar10,FedALA,68,phase2,0.802,0.0,0.79875,0.0
cifar10,FedALA,69,phase2,0.7745,0.0,0.79625,0.0
cifar10,FedALA,70,phase2,0.775,0.0,0.81225,0.0
cifar10,FedALA,71,phase2,0.80683333,0.0,0.8125,0.0
cifar10,FedALA,72,phase2,0.79483333,0.0,0.81325,0.0
cifar10,FedALA,73,phase2,0.80333333,0.0,0.82275,0.0
cifar10,FedALA,74,phase2,0.8095,0.0,0.81825,0.0
cifar10,FedALA,75,phase2,0.79166667,0.0,0.8215,0.0
cifar10,FedALA,76,phase2,0.79683333,0.0,0.81925,0.0
cifar10,FedALA,77,phase2,0.79533333,0.0,0.82175,0.0
cifar10,FedALA,78,phase2,0.79833333,0.0,0.82775,0.0
cifar10,FedALA,79,phase2,0.81116667,0.0,0.8315,0.0
cifar10,FedALA,80,phase2,0.79383333,0.0,0.82975,0.0
cifar10,FedALA,81,phase2,0.81366667,0.0,0.8315,0.0
cifar10,FedALA,82,phase2,0.78916667,0.0,0.8405,0.0
cifar10,FedALA,83,phase2,0.81866667,0.0,0.83775,0.0
cifar10,FedALA,84,phase2,0.7885,0.0,0.8345,0.0
cifar10,FedALA,85,phase2,0.82566667,0.0,0.83725,0.0
cifar10,FedALA,86,phase2,0.80366667,4.167e-05,0.8385,0.0
cifar10,FedALA,87,phase2,0.80116667,0.0,0.83775,0.0
cifar10,FedALA,88,phase2,0.82116667,0.0,0.83825,0.0
cifar10,FedALA,89,phase2,0.8125,0.0,0.84575,0.0
cifar10,FedALA,90,phase2,0.817,0.0,0.841,0.0
cifar10,FedALA,91,phase2,0.82966667,0.0,0.8465,0.0
cifar10,FedALA,92,phase2,0.80516667,0.0,0.8485,0.0
cifar10,FedALA,93,phase2,0.80566667,0.0,0.83575,0.0
cifar10,FedALA,94,phase2,0.8055,0.0,0.84175,0.0
cifar10,FedALA,95,phase2,0.8105,0.0,0.8535,0.0
cifar10,FedALA,96,phase2,0.81683333,0.0,0.84125,0.0
cifar10,FedALA,97,phase2,0.82766667,0.0,0.84875,0.0
cifar10,FedALA,98,phase2,0.83366667,0.0,0.8465,0.0
cifar10,FedALA,99,phase2,0.82116667,0.0,0.8535,0.0
cifar10,FedALA,100,phase2,0.82166667,0.0,0.8515,0.0
cifar10,FedAS,0,phase1,0.16666667,0.08333333,,
cifar10,FedAS,1,phase1,0.50033333,0.0,,
cifar10,FedAS,2,phase1,0.62866667,0.0,,
cifar10,FedAS,3,phase1,0.71716667,0.0,,
cifar10,FedAS,4,phase1,0.73816667,0.0,,
cifar10,FedAS,5,phase1,0.74366667,0.0,,
cifar10,FedAS,6,phase1,0.74533333,0.0,,
cifar10,FedAS,7,phase1,0.75366667,0.0,,
cifar10,FedAS,8,phase1,0.76216667,0.0,,
cifar10,FedAS,9,phase1,0.75866667,0.0,,
cifar10,FedAS,10,phase1,0.765,0.0,,
cifar10,FedAS,11,phase1,0.76666667,0.0,,
cifar10,FedAS,12,phase1,0.76916667,0.0,,
cifar10,FedAS,13,phase1,0.77516667,0.0,,
cifar10,FedAS,14,phase1,0.78016667,0.0,,
cifar10,FedAS,15,phase1,0.78183333,0.0,,
cifar10,FedAS,16,phase1,0.782,0.0,,
cifar10,FedAS,17,phase1,0.78533333,0.0,,
cifar10,FedAS,18,phase1,0.78033333,0.0,,
cifar10,FedAS,19,phase1,0.78116667,0.0,,
cifar10,FedAS,20,phase1,0.78816667,0.0,,
cifar10,FedAS,21,phase1,0.78916667,0.0,,
cifar10,FedAS,22,phase1,0.792,0.0,,
cifar10,FedAS,23,phase1,0.79366667,0.0,,
cifar10,FedAS,24,phase1,0.79216667,0.0,,
cifar10,FedAS,25,phase1,0.788,0.0,,
cifar10,FedAS,26,phase1,0.79083333,0.0,,
cifar10,FedAS,27,phase1,0.79233333,0.0,,
cifar10,FedAS,28,phase1,0.785,0.0,,
cifar10,FedAS,29,phase1,0.79583333,0.0,,
cifar10,FedAS,30,phase1,0.78966667,0.0,,
cifar10,FedAS,31,phase1,0.78633333,0.0,,
cifar10,FedAS,32,phase1,0.78283333,0.0,,
cifar10,FedAS,33,phase1,0.80016667,0.0,,
cifar10,FedAS,34,phase1,0.788,0.0,,
cifar10,FedAS,35,phase1,0.79716667,0.0,,
cifar10,FedAS,36,phase1,0.78633333,0.0,,
cifar10,FedAS,37,phase1,0.79916667,0.0,,
cifar10,FedAS,38,phase1,0.7955,0.0,,
cifar10,FedAS,39,phase1,0.80183333,0.0,,
cifar10,FedAS,40,phase1,0.798,0.0,,
cifar10,FedAS,41,phase1,0.796,0.0,,
cifar10,FedAS,42,phase1,0.78633333,0.0,,
cifar10,FedAS,43,phase1,0.78633333,0.0,,
cifar10,FedAS,44,phase1,0.79866667,0.0,,
cifar10,FedAS,45,phase1,0.79916667,0.0,,
cifar10,FedAS,46,phase1,0.80116667,0.0,,
cifar10,FedAS,47,phase1,0.80333333,0.0,,
cifar10,FedAS,48,phase1,0.80516667,0.0,,
cifar10,FedAS,49,phase1,0.79116667,0.0,,
cifar10,FedAS,50,phase1,0.788,0.0,,
cifar10,FedAS,51,phase2,0.80183333,0.0,0.0,0.125
cifar10,FedAS,52,phase2,0.80783333,0.0,0.71,0.0
cifar10,FedAS,53,phase2,0.797,0.0,0.73625,0.0
cifar10,FedAS,54,phase2,0.7975,0.0,0.7425,0.0
cifar10,FedAS,55,phase2,0.801,0.0,0.74725,0.0
cifar10,FedAS,56,phase2,0.80366667,0.0,0.73725,0.0
cifar10,FedAS,57,phase2,0.81216667,0.0,0.75175,0.0
cifar10,FedAS,58,phase2,0.81,0.0,0.742,0.0
cifar10,FedAS,59,phase2,0.8095,0.0,0.75025,0.0
cifar10,FedAS,60,phase2,0.8065,0.0,0.7565,0.0
cifar10,FedAS,61,phase2,0.793,0.0,0.7495,0.0
cifar10,FedAS,62,phase2,0.81166667,0.0,0.75125,0.0
cifar10,FedAS,63,phase2,0.80666667,0.0,0.75125,0.0
cifar10,FedAS,64,phase2,0.79766667,0.0,0.76025,0.0
cifar10,FedAS,65,phase2,0.79766667,0.0,0.763,0.0
cifar10,FedAS,66,phase2,0.81233333,0.0,0.76375,0.0
cifar10,FedAS,67,phase2,0.81083333,0.0,0.75625,0.0
cifar10,FedAS,68,phase2,0.81316667,0.0,0.76575,0.0
cifar10,FedAS,69,phase2,0.81116667,0.0,0.76875,0.0
cifar10,FedAS,70,phase2,0.814,0.0,0.746,0.0
cifar10,FedAS,71,phase2,0.81133333,0.0,0.76625,0.0
cifar10,FedAS,72,phase2,0.8185,0.0,0.758,0.0
cifar10,FedAS,73,phase2,0.81683333,0.0,0.7685,0.0
cifar10,FedAS,74,phase2,0.823,0.0,0.77475,0.0
cifar10,FedAS,75,phase2,0.8165,0.0,0.776,0.0
cifar10,FedAS,76,phase2,0.8155,0.0,0.7695,0.0
cifar10,FedAS,77,phase2,0.808,0.0,0.77625,0.0
cifar10,FedAS,78,phase2,0.813,0.0,0.7825,0.0
cifar10,FedAS,79,phase2,0.81166667,0.0,0.78325,0.0
cifar10,FedAS,80,phase2,0.81483333,0.0,0.79175,0.0
cifar10,FedAS,81,phase2,0.80983333,0.0,0.77125,0.0
cifar10,FedAS,82,phase2,0.81183333,0.0,0.78975,0.0
cifar10,FedAS,83,phase2,0.80016667,0.0,0.7905,0.0
cifar10,FedAS,84,phase2,0.78633333,0.0,0.7955,0.0
cifar10,FedAS,85,phase2,0.811,0.0,0.78425,0.0
cifar10,FedAS,86,phase2,0.8135,0.0,0.79,0.0
cifar10,FedAS,87,phase2,0.80966667,0.0,0.784,0.0
cifar10,FedAS,88,phase2,0.81183333,0.0,0.7965,0.0
cifar10,FedAS,89,phase2,0.8045,0.0,0.8015,0.0
cifar10,FedAS,90,phase2,0.82216667,0.0,0.80375,0.0
cifar10,FedAS,91,phase2,0.81183333,0.0,0.792,0.0
cifar10,FedAS,92,phase2,0.82766667,0.0,0.79325,0.0
cifar10,FedAS,93,phase2,0.80366667,0.0,0.79125,0.0
cifar10,FedAS,94,phase2,0.81433333,0.0,0.80775,0.0
cifar10,FedAS,95,phase2,0.8155,0.0,0.815,0.0
cifar10,FedAS,96,phase2,0.8215,0.0,0.7975,0.0
cifar10,FedAS,97,phase2,0.8235,0.0,0.80775,0.0
cifar10,FedAS,98,phase2,0.813,0.0,0.811,0.0
cifar10,FedAS,99,phase2,0.8085,0.0,0.81175,0.0
cifar10,FedAS,100,phase2,0.80166667,0.0,0.7935,0.0
cifar10,FedAvg,0,phase1,0.16666667,0.08333333,,
cifar10,FedAvg,1,phase1,0.3305,0.05704167,,
cifar10,FedAvg,2,phase1,0.43666667,0.05579167,,
cifar10,FedAvg,3,phase1,0.41066667,0.10679167,,
cifar10,FedAvg,4,phase1,0.40516667,0.12870833,,
cifar10,FedAvg,5,phase1,0.40333333,0.1365,,
cifar10,FedAvg,6,phase1,0.40666667,0.139875,,
cifar10,FedAvg,7,phase1,0.40833333,0.14666667,,
cifar10,FedAvg,8,phase1,0.41416667,0.149875,,
cifar10,FedAvg,9,phase1,0.41866667,0.155125,,
cifar10,FedAvg,10,phase1,0.41983333,0.159875,,
cifar10,FedAvg,11,phase1,0.42133333,0.1605,,
cifar10,FedAvg,12,phase1,0.42983333,0.15966667,,
cifar10,FedAvg,13,phase1,0.43066667,0.15804167,,
cifar10,FedAvg,14,phase1,0.4245,0.15758333,,
cifar10,FedAvg,15,phase1,0.42866667,0.15395833,,
cifar10,FedAvg,16,phase1,0.42333333,0.1525,,
cifar10,FedAvg,17,phase1,0.42183333,0.15275,,
cifar10,FedAvg,18,phase1,0.41866667,0.152125,,
cifar10,FedAvg,19,phase1,0.42383333,0.14933333,,
cifar10,FedAvg,20,phase1,0.424,0.14666667,,
cifar10,FedAvg,21,phase1,0.4235,0.14654167,,
cifar10,FedAvg,22,phase1,0.42383333,0.14658333,,
cifar10,FedAvg,23,phase1,0.42633333,0.144125,,
cifar10,FedAvg,24,phase1,0.42333333,0.14395833,,
cifar10,FedAvg,25,phase1,0.4255,0.14179167,,
cifar10,FedAvg,26,phase1,0.42233333,0.14270833,,
cifar10,FedAvg,27,phase1,0.42833333,0.140375,,
cifar10,FedAvg,28,phase1,0.4335,0.13754167,,
cifar10,FedAvg,29,phase1,0.43116667,0.13983333,,
cifar10,FedAvg,30,phase1,0.43166667,0.14075,,
cifar10,FedAvg,31,phase1,0.43516667,0.13775,,
cifar10,FedAvg,32,phase1,0.43433333,0.140375,,
cifar10,FedAvg,33,phase1,0.434,0.14225,,
cifar10,FedAvg,34,phase1,0.44066667,0.142125,,
cifar10,FedAvg,35,phase1,0.43916667,0.14379167,,
cifar10,FedAvg,36,phase1,0.446,0.14075,,
cifar10,FedAvg,37,phase1,0.44983333,0.14075,,
cifar10,FedAvg,38,phase1,0.45033333,0.13954167,,
cifar10,FedAvg,39,phase1,0.45383333,0.137875,,
cifar10,FedAvg,40,phase1,0.4545,0.141625,,
cifar10,FedAvg,41,phase1,0.45666667,0.13958333,,
cifar10,FedAvg,42,phase1,0.46016667,0.13904167,,
cifar10,FedAvg,43,phase1,0.45983333,0.14645833,,
cifar10,FedAvg,44,phase1,0.465,0.13291667,,
cifar10,FedAvg,45,phase1,0.46466667,0.13841667,,
cifar10,FedAvg,46,phase1,0.467,0.140125,,
cifar10,FedAvg,47,phase1,0.46766667,0.14220833,,
cifar10,FedAvg,48,phase1,0.4715,0.14354167,,
cifar10,FedAvg,49,phase1,0.47383333,0.14275,,
cifar10,FedAvg,50,phase1,0.47716667,0.14258333,,
cifar10,FedAvg,51,phase2,0.473,0.14225,0.0,0.125
cifar10,FedAvg,52,phase2,0.45833333,0.11325,0.0,0.1551875
cifar10,FedAvg,53,phase2,0.45916667,0.11229167,0.0,0.1909375
cifar10,FedAvg,54,phase2,0.4645,0.11304167,0.0,0.241625
cifar10,FedAvg,55,phase2,0.4595,0.11570833,0.00675,0.2715
cifar10,FedAvg,56,phase2,0.42833333,0.12233333,0.12125,0.285375
cifar10,FedAvg,57,phase2,0.405,0.12933333,0.17075,0.283625
cifar10,FedAvg,58,phase2,0.39683333,0.12929167,0.202,0.283875
cifar10,FedAvg,59,phase2,0.39983333,0.13183333,0.21975,0.2883125
cifar10,FedAvg,60,phase2,0.39816667,0.1365,0.234,0.2889375
cifar10,FedAvg,61,phase2,0.38966667,0.14458333,0.24525,0.2885625
cifar10,FedAvg,62,phase2,0.39333333,0.1415,0.2555,0.288875
cifar10,FedAvg,63,phase2,0.38966667,0.14454167,0.25625,0.29025
cifar10,FedAvg,64,phase2,0.39233333,0.15029167,0.27425,0.2924375
cifar10,FedAvg,65,phase2,0.39216667,0.14920833,0.273,0.2930625
cifar10,FedAvg,66,phase2,0.39533333,0.15154167,0.275,0.29175
cifar10,FedAvg,67,phase2,0.39466667,0.15425,0.28,0.2904375
cifar10,FedAvg,68,phase2,0.39833333,0.15141667,0.28525,0.29175
cifar10,FedAvg,69,phase2,0.401,0.15658333,0.298,0.293625
cifar10,FedAvg,70,phase2,0.39916667,0.162,0.29125,0.295
cifar10,FedAvg,71,phase2,0.396,0.16383333,0.302,0.295375
cifar10,FedAvg,72,phase2,0.39433333,0.16779167,0.30425,0.2921875
cifar10,FedAvg,73,phase2,0.397,0.16991667,0.31075,0.2935625
cifar10,FedAvg,74,phase2,0.39766667,0.17175,0.31425,0.2975
cifar10,FedAvg,75,phase2,0.40416667,0.17291667,0.32625,0.2974375
cifar10,FedAvg,76,phase2,0.40016667,0.18016667,0.3285,0.2975625
cifar10,FedAvg,77,phase2,0.40466667,0.17758333,0.34875,0.296625
cifar10,FedAvg,78,phase2,0.40416667,0.17779167,0.357,0.2991875
cifar10,FedAvg,79,phase2,0.40516667,0.178,0.35725,0.2988125
cifar10,FedAvg,80,phase2,0.4055,0.18395833,0.3625,0.3
cifar10,FedAvg,81,phase2,0.40483333,0.18954167,0.37575,0.30125
cifar10,FedAvg,82,phase2,0.405,0.18079167,0.39175,0.3005625
cifar10,FedAvg,83,phase2,0.40683333,0.18616667,0.40725,0.3010625
cifar10,FedAvg,84,phase2,0.4045,0.18995833,0.4115,0.3024375
cifar10,FedAvg,85,phase2,0.40183333,0.19083333,0.41375,0.3041875
cifar10,FedAvg,86,phase2,0.39633333,0.20175,0.419,0.3005625
cifar10,FedAvg,87,phase2,0.39616667,0.20091667,0.42675,0.303875
cifar10,FedAvg,88,phase2,0.3925,0.200625,0.43725,0.3044375
cifar10,FedAvg,89,phase2,0.39633333,0.21004167,0.43075,0.2994375
cifar10,FedAvg,90,phase2,0.3915,0.21320833,0.4395,0.301125
cifar10,FedAvg,91,phase2,0.392,0.21508333,0.4475,0.3046875
cifar10,FedAvg,92,phase2,0.389,0.21875,0.449,0.3014375
cifar10,FedAvg,93,phase2,0.3885,0.22079167,0.454,0.3044375
cifar10,FedAvg,94,phase2,0.39166667,0.22016667,0.475,0.300625
cifar10,FedAvg,95,phase2,0.3885,0.22154167,0.472,0.298375
cifar10,FedAvg,96,phase2,0.38883333,0.22695833,0.47525,0.301875
cifar10,FedAvg,97,phase2,0.39033333,0.229625,0.47625,0.3016875
cifar10,FedAvg,98,phase2,0.38616667,0.23395833,0.473,0.3050625
cifar10,FedAvg,99,phase2,0.39233333,0.229375,0.49125,0.302125
cifar10,FedAvg,100,phase2,0.39083333,0.22645833,0.499,0.2993125
cifar10,FedBN,0,phase1,0.16666667,0.08333333,,
cifar10,FedBN,1,phase1,0.33183333,0.05608333,,
cifar10,FedBN,2,phase1,0.4385,0.05441667,,
cifar10,FedBN,3,phase1,0.417,0.10358333,,
cifar10,FedBN,4,phase1,0.41916667,0.1255,,
cifar10,FedBN,5,phase1,0.41716667,0.13191667,,
cifar10,FedBN,6,phase1,0.42616667,0.135375,,
cifar10,FedBN,7,phase1,0.42566667,0.14033333,,
cifar10,FedBN,8,phase1,0.437,0.14258333,,
cifar10,FedBN,9,phase1,0.439,0.145625,,
cifar10,FedBN,10,phase1,0.447,0.1485,,
cifar10,FedBN,11,phase1,0.45133333,0.14908333,,
cifar10,FedBN,12,phase1,0.4625,0.1465,,
cifar10,FedBN,13,phase1,0.46716667,0.14445833,,
cifar10,FedBN,14,phase1,0.46583333,0.1415,,
cifar10,FedBN,15,phase1,0.47266667,0.13758333,,
cifar10,FedBN,16,phase1,0.4765,0.13445833,,
cifar10,FedBN,17,phase1,0.47366667,0.13208333,,
cifar10,FedBN,18,phase1,0.47683333,0.132375,,
cifar10,FedBN,19,phase1,0.4805,0.12895833,,
cifar10,FedBN,20,phase1,0.48083333,0.12591667,,
cifar10,FedBN,21,phase1,0.48383333,0.1255,,
cifar10,FedBN,22,phase1,0.48933333,0.125875,,
cifar10,FedBN,23,phase1,0.492,0.12354167,,
cifar10,FedBN,24,phase1,0.49166667,0.12325,,
cifar10,FedBN,25,phase1,0.49566667,0.12179167,,
cifar10,FedBN,26,phase1,0.49683333,0.12279167,,
cifar10,FedBN,27,phase1,0.50283333,0.120375,,
cifar10,FedBN,28,phase1,0.506,0.11625,,
cifar10,FedBN,29,phase1,0.504,0.11754167,,
cifar10,FedBN,30,phase1,0.50883333,0.11866667,,
cifar10,FedBN,31,phase1,0.51116667,0.11620833,,
cifar10,FedBN,32,phase1,0.5115,0.11795833,,
cifar10,FedBN,33,phase1,0.5145,0.11995833,,
cifar10,FedBN,34,phase1,0.51516667,0.11783333,,
cifar10,FedBN,35,phase1,0.51733333,0.11895833,,
cifar10,FedBN,36,phase1,0.52416667,0.11533333,,
cifar10,FedBN,37,phase1,0.5235,0.11408333,,
cifar10,FedBN,38,phase1,0.5275,0.11275,,
cifar10,FedBN,39,phase1,0.52883333,0.11070833,,
cifar10,FedBN,40,phase1,0.52916667,0.11416667,,
cifar10,FedBN,41,phase1,0.52766667,0.11108333,,
cifar10,FedBN,42,phase1,0.53166667,0.11029167,,
cifar10,FedBN,43,phase1,0.535,0.11716667,,
cifar10,FedBN,44,phase1,0.5395,0.10275,,
cifar10,FedBN,45,phase1,0.54066667,0.10883333,,
cifar10,FedBN,46,phase1,0.54266667,0.10929167,,
cifar10,FedBN,47,phase1,0.54616667,0.109625,,
cifar10,FedBN,48,phase1,0.547,0.11333333,,
cifar10,FedBN,49,phase1,0.55466667,0.11158333,,
cifar10,FedBN,50,phase1,0.556,0.11016667,,
cifar10,FedBN,51,phase2,0.55733333,0.106125,0.0,0.125
cifar10,FedBN,52,phase2,0.5415,0.08229167,0.0,0.1536875
cifar10,FedBN,53,phase2,0.54133333,0.08208333,0.0,0.190625
cifar10,FedBN,54,phase2,0.54216667,0.081,0.0,0.2415625
cifar10,FedBN,55,phase2,0.53583333,0.08370833,0.04025,0.27575
cifar10,FedBN,56,phase2,0.50133333,0.09504167,0.1625,0.2836875
cifar10,FedBN,57,phase2,0.477,0.09904167,0.2125,0.2830625
cifar10,FedBN,58,phase2,0.47,0.09708333,0.24225,0.2805
cifar10,FedBN,59,phase2,0.46966667,0.09804167,0.26175,0.28325
cifar10,FedBN,60,phase2,0.471,0.10095833,0.279,0.281625
cifar10,FedBN,61,phase2,0.47466667,0.10720833,0.29125,0.28175
cifar10,FedBN,62,phase2,0.474,0.10475,0.30225,0.2795
cifar10,FedBN,63,phase2,0.4765,0.10558333,0.30375,0.280875
cifar10,FedBN,64,phase2,0.479,0.11004167,0.3195,0.2833125
cifar10,FedBN,65,phase2,0.47866667,0.10941667,0.32575,0.283
cifar10,FedBN,66,phase2,0.48433333,0.11016667,0.3345,0.281875
cifar10,FedBN,67,phase2,0.48366667,0.11120833,0.33725,0.281875
cifar10,FedBN,68,phase2,0.48866667,0.11025,0.3545,0.2805
cifar10,FedBN,69,phase2,0.49333333,0.11283333,0.36175,0.28075
cifar10,FedBN,70,phase2,0.4915,0.11795833,0.3615,0.2830625
cifar10,FedBN,71,phase2,0.497,0.11854167,0.371,0.2844375
cifar10,FedBN,72,phase2,0.49616667,0.12079167,0.37025,0.282625
cifar10,FedBN,73,phase2,0.4965,0.12033333,0.3835,0.2821875
cifar10,FedBN,74,phase2,0.506,0.12525,0.38625,0.287
cifar10,FedBN,75,phase2,0.505,0.122875,0.40225,0.2835625
cifar10,FedBN,76,phase2,0.50383333,0.12829167,0.403,0.28325
cifar10,FedBN,77,phase2,0.50383333,0.12470833,0.42725,0.2858125
cifar10,FedBN,78,phase2,0.50816667,0.12645833,0.43325,0.2860625
cifar10,FedBN,79,phase2,0.50783333,0.12683333,0.43425,0.2846875
cifar10,FedBN,80,phase2,0.5085,0.13041667,0.44175,0.287125
cifar10,FedBN,81,phase2,0.51366667,0.13275,0.4515,0.2893125
cifar10,FedBN,82,phase2,0.508,0.12654167,0.467,0.2843125
cifar10,FedBN,83,phase2,0.51133333,0.13091667,0.47375,0.2869375
cifar10,FedBN,84,phase2,0.51116667,0.13375,0.4785,0.286375
cifar10,FedBN,85,phase2,0.515,0.13645833,0.49325,0.286
cifar10,FedBN,86,phase2,0.51516667,0.14525,0.491,0.2848125
cifar10,FedBN,87,phase2,0.51466667,0.146125,0.50175,0.286
cifar10,FedBN,88,phase2,0.5115,0.14741667,0.51825,0.2885625
cifar10,FedBN,89,phase2,0.5135,0.15258333,0.512,0.2845625
cifar10,FedBN,90,phase2,0.51183333,0.15420833,0.5165,0.285625
cifar10,FedBN,91,phase2,0.52033333,0.154875,0.5245,0.2885
cifar10,FedBN,92,phase2,0.51166667,0.15954167,0.5325,0.285625
cifar10,FedBN,93,phase2,0.51733333,0.16325,0.529,0.2861875
cifar10,FedBN,94,phase2,0.51783333,0.157875,0.548,0.28125
cifar10,FedBN,95,phase2,0.51633333,0.15883333,0.5495,0.281375
cifar10,FedBN,96,phase2,0.51783333,0.16370833,0.551,0.2829375
cifar10,FedBN,97,phase2,0.52383333,0.16766667,0.5495,0.2828125
cifar10,FedBN,98,phase2,0.52583333,0.17125,0.55125,0.284
cifar10,FedBN,99,phase2,0.52766667,0.16445833,0.566,0.2825625
cifar10,FedBN,100,phase2,0.52483333,0.15954167,0.5765,0.2785625
cifar10,FedCP,0,phase1,0.16666667,0.08333333,,
cifar10,FedCP,1,phase1,0.33766667,0.04083333,,
cifar10,FedCP,2,phase1,0.50283333,0.0,,
cifar10,FedCP,3,phase1,0.594,0.0,,
cifar10,FedCP,4,phase1,0.68583333,0.0,,
cifar10,FedCP,5,phase1,0.70466667,0.0,,
cifar10,FedCP,6,phase1,0.715,0.0,,
cifar10,FedCP,7,phase1,0.72533333,0.0,,
cifar10,FedCP,8,phase1,0.7325,0.0,,
cifar10,FedCP,9,phase1,0.73583333,0.0,,
cifar10,FedCP,10,phase1,0.73983333,0.0,,
cifar10,FedCP,11,phase1,0.74066667,0.0,,
cifar10,FedCP,12,phase1,0.7405,0.0,,
cifar10,FedCP,13,phase1,0.74516667,0.0,,
cifar10,FedCP,14,phase1,0.75,0.0,,
cifar10,FedCP,15,phase1,0.7515,0.0,,
cifar10,FedCP,16,phase1,0.75466667,0.0,,
cifar10,FedCP,17,phase1,0.75616667,0.0,,
cifar10,FedCP,18,phase1,0.75683333,0.0,,
cifar10,FedCP,19,phase1,0.75866667,0.0,,
cifar10,FedCP,20,phase1,0.76166667,0.0,,
cifar10,FedCP,21,phase1,0.763,0.0,,
cifar10,FedCP,22,phase1,0.76466667,0.0,,
cifar10,FedCP,23,phase1,0.76683333,0.0,,
cifar10,FedCP,24,phase1,0.77133333,0.0,,
cifar10,FedCP,25,phase1,0.77116667,0.0,,
cifar10,FedCP,26,phase1,0.77533333,0.0,,
cifar10,FedCP,27,phase1,0.77866667,0.0,,
cifar10,FedCP,28,phase1,0.78233333,0.0,,
cifar10,FedCP,29,phase1,0.782,0.0,,
cifar10,FedCP,30,phase1,0.7845,0.0,,
cifar10,FedCP,31,phase1,0.78533333,0.0,,
cifar10,FedCP,32,phase1,0.78666667,0.0,,
cifar10,FedCP,33,phase1,0.78633333,0.0,,
cifar10,FedCP,34,phase1,0.7895,0.0,,
cifar10,FedCP,35,phase1,0.79366667,0.0,,
cifar10,FedCP,36,phase1,0.79333333,0.0,,
cifar10,FedCP,37,phase1,0.79783333,0.0,,
cifar10,FedCP,38,phase1,0.79966667,0.0,,
cifar10,FedCP,39,phase1,0.804,0.0,,
cifar10,FedCP,40,phase1,0.80866667,0.0,,
cifar10,FedCP,41,phase1,0.81033333,0.0,,
cifar10,FedCP,42,phase1,0.81083333,0.0,,
cifar10,FedCP,43,phase1,0.81166667,0.0,,
cifar10,FedCP,44,phase1,0.81583333,0.0,,
cifar10,FedCP,45,phase1,0.8155,0.0,,
cifar10,FedCP,46,phase1,0.8175,0.0,,
cifar10,FedCP,47,phase1,0.819,0.0,,
cifar10,FedCP,48,phase1,0.81966667,0.0,,
cifar10,FedCP,49,phase1,0.82266667,0.0,,
cifar10,FedCP,50,phase1,0.82333333,0.0,,
cifar10,FedCP,51,phase2,0.82483333,0.0,0.0,0.125
cifar10,FedCP,52,phase2,0.81133333,0.0,0.2655,0.0674375
cifar10,FedCP,53,phase2,0.81166667,0.0,0.5065,0.0
cifar10,FedCP,54,phase2,0.81383333,0.0,0.65725,0.0
cifar10,FedCP,55,phase2,0.81666667,0.0,0.7155,0.0
cifar10,FedCP,56,phase2,0.81766667,0.0,0.73375,0.0
cifar10,FedCP,57,phase2,0.82116667,0.0,0.7355,0.0
cifar10,FedCP,58,phase2,0.82216667,0.0,0.746,0.0
cifar10,FedCP,59,phase2,0.8215,0.0,0.75225,0.0
cifar10,FedCP,60,phase2,0.82333333,0.0,0.75525,0.0
cifar10,FedCP,61,phase2,0.8225,0.0,0.76,0.0
cifar10,FedCP,62,phase2,0.8225,0.0,0.76825,0.0
cifar10,FedCP,63,phase2,0.827,0.0,0.776,0.0
cifar10,FedCP,64,phase2,0.82866667,0.0,0.77725,0.0
cifar10,FedCP,65,phase2,0.82583333,0.0,0.7885,0.0
cifar10,FedCP,66,phase2,0.83,0.0,0.7885,0.0
cifar10,FedCP,67,phase2,0.83066667,0.0,0.7965,0.0
cifar10,FedCP,68,phase2,0.82616667,0.0,0.80525,0.0
cifar10,FedCP,69,phase2,0.82566667,0.0,0.8045,0.0
cifar10,FedCP,70,phase2,0.8295,0.0,0.80575,0.0
cifar10,FedCP,71,phase2,0.82916667,0.0,0.81175,0.0
cifar10,FedCP,72,phase2,0.831,0.0,0.813,0.0
cifar10,FedCP,73,phase2,0.83583333,0.0,0.81825,0.0
cifar10,FedCP,74,phase2,0.8345,0.0,0.818,0.0
cifar10,FedCP,75,phase2,0.83416667,0.0,0.82225,0.0
cifar10,FedCP,76,phase2,0.83566667,0.0,0.8285,0.0
cifar10,FedCP,77,phase2,0.832,0.0,0.82675,0.0
cifar10,FedCP,78,phase2,0.83233333,0.0,0.825,0.0
cifar10,FedCP,79,phase2,0.83416667,0.0,0.83125,0.0
cifar10,FedCP,80,phase2,0.83216667,0.0,0.828,0.0
cifar10,FedCP,81,phase2,0.8365,0.0,0.83125,0.0
cifar10,FedCP,82,phase2,0.83283333,0.0,0.82975,0.0
cifar10,FedCP,83,phase2,0.83566667,0.0,0.8345,0.0
cifar10,FedCP,84,phase2,0.83733333,0.0,0.835,0.0
cifar10,FedCP,85,phase2,0.83933333,0.0,0.83775,0.0
cifar10,FedCP,86,phase2,0.83283333,0.0,0.8375,0.0
cifar10,FedCP,87,phase2,0.83766667,0.0,0.8405,0.0
cifar10,FedCP,88,phase2,0.83683333,0.0,0.84275,0.0
cifar10,FedCP,89,phase2,0.837,0.0,0.8455,0.0
cifar10,FedCP,90,phase2,0.83916667,0.0,0.8435,0.0
cifar10,FedCP,91,phase2,0.84066667,0.0,0.84625,0.0
cifar10,FedCP,92,phase2,0.84233333,0.0,0.849,0.0
cifar10,FedCP,93,phase2,0.83716667,0.0,0.85275,0.0
cifar10,FedCP,94,phase2,0.83816667,0.0,0.85475,0.0
cifar10,FedCP,95,phase2,0.83916667,0.0,0.8565,0.0
cifar10,FedCP,96,phase2,0.8435,0.0,0.85975,0.0
cifar10,FedCP,97,phase2,0.83816667,0.0,0.858,0.0
cifar10,FedCP,98,phase2,0.84133333,0.0,0.86325,0.0
cifar10,FedCP,99,phase2,0.84366667,0.0,0.865,0.0
cifar10,FedCP,100,phase2,0.846,0.0,0.8635,0.0
cifar10,FedCross,0,phase1,0.16666667,0.08333333,,
cifar10,FedCross,1,phase1,0.501,0.0,,
cifar10,FedCross,2,phase1,0.60833333,0.0,,
cifar10,FedCross,3,phase1,0.719,0.0,,
cifar10,FedCross,4,phase1,0.736,0.0,,
cifar10,FedCross,5,phase1,0.74516667,0.0,,
cifar10,FedCross,6,phase1,0.748,0.0,,
cifar10,FedCross,7,phase1,0.75416667,0.0,,
cifar10,FedCross,8,phase1,0.7605,0.0,,
cifar10,FedCross,9,phase1,0.76183333,0.0,,
cifar10,FedCross,10,phase1,0.7705,0.0,,
cifar10,FedCross,11,phase1,0.7785,0.0,,
cifar10,FedCross,12,phase1,0.7835,0.0,,
cifar10,FedCross,13,phase1,0.791,0.0,,
cifar10,FedCross,14,phase1,0.797,0.0,,
cifar10,FedCross,15,phase1,0.7945,0.0,,
cifar10,FedCross,16,phase1,0.80233333,0.0,,
cifar10,FedCross,17,phase1,0.804,0.0,,
cifar10,FedCross,18,phase1,0.80816667,0.0,,
cifar10,FedCross,19,phase1,0.80466667,0.0,,
cifar10,FedCross,20,phase1,0.81,0.0,,
cifar10,FedCross,21,phase1,0.80833333,0.0,,
cifar10,FedCross,22,phase1,0.81116667,0.0,,
cifar10,FedCross,23,phase1,0.79983333,0.0,,
cifar10,FedCross,24,phase1,0.8055,0.0,,
cifar10,FedCross,25,phase1,0.81566667,0.0,,
cifar10,FedCross,26,phase1,0.81716667,0.0,,
cifar10,FedCross,27,phase1,0.80766667,0.0,,
cifar10,FedCross,28,phase1,0.817,0.0,,
cifar10,FedCross,29,phase1,0.81633333,0.0,,
cifar10,FedCross,30,phase1,0.80983333,0.0,,
cifar10,FedCross,31,phase1,0.80933333,0.0,,
cifar10,FedCross,32,phase1,0.80733333,0.0,,
cifar10,FedCross,33,phase1,0.81933333,0.0,,
cifar10,FedCross,34,phase1,0.80966667,0.0,,
cifar10,FedCross,35,phase1,0.81016667,0.0,,
cifar10,FedCross,36,phase1,0.82016667,0.0,,
cifar10,FedCross,37,phase1,0.8165,0.0,,
cifar10,FedCross,38,phase1,0.81016667,0.0,,
cifar10,FedCross,39,phase1,0.8055,0.0,,
cifar10,FedCross,40,phase1,0.81266667,0.0,,
cifar10,FedCross,41,phase1,0.81383333,0.0,,
cifar10,FedCross,42,phase1,0.8075,0.0,,
cifar10,FedCross,43,phase1,0.81433333,0.0,,
cifar10,FedCross,44,phase1,0.7995,0.0,,
cifar10,FedCross,45,phase1,0.808,0.0,,
cifar10,FedCross,46,phase1,0.80883333,0.0,,
cifar10,FedCross,47,phase1,0.81616667,0.0,,
cifar10,FedCross,48,phase1,0.80216667,0.0,,
cifar10,FedCross,49,phase1,0.817,0.0,,
cifar10,FedCross,50,phase1,0.80633333,0.0,,
cifar10,FedCross,51,phase2,0.796,0.0,0.0,0.125
cifar10,FedCross,52,phase2,0.79433333,0.0,0.51175,0.0
cifar10,FedCross,53,phase2,0.80316667,0.0,0.65125,0.0
cifar10,FedCross,54,phase2,0.81216667,0.0,0.759,0.0
cifar10,FedCross,55,phase2,0.81683333,0.0,0.7865,0.0
cifar10,FedCross,56,phase2,0.82383333,0.0,0.803,0.0
cifar10,FedCross,57,phase2,0.79683333,0.0,0.817,0.0
cifar10,FedCross,58,phase2,0.8065,0.0,0.8225,0.0
cifar10,FedCross,59,phase2,0.821,0.0,0.82675,0.0
cifar10,FedCross,60,phase2,0.81033333,0.0,0.83,0.0
cifar10,FedCross,61,phase2,0.8145,0.0,0.838,0.0
cifar10,FedCross,62,phase2,0.805,0.0,0.8425,0.0
cifar10,FedCross,63,phase2,0.8055,0.0,0.84525,0.0
cifar10,FedCross,64,phase2,0.82033333,0.0,0.84525,0.0
cifar10,FedCross,65,phase2,0.81333333,0.0,0.85275,0.0
cifar10,FedCross,66,phase2,0.82083333,0.0,0.8435,0.0
cifar10,FedCross,67,phase2,0.82316667,0.0,0.84125,0.0
cifar10,FedCross,68,phase2,0.79666667,0.0,0.84625,0.0
cifar10,FedCross,69,phase2,0.81016667,0.0,0.85175,0.0
cifar10,FedCross,70,phase2,0.81183333,0.0,0.85425,0.0
cifar10,FedCross,71,phase2,0.83166667,0.0,0.8495,0.0
cifar10,FedCross,72,phase2,0.814,0.0,0.854,0.0
cifar10,FedCross,73,phase2,0.8265,0.0,0.855,0.0
cifar10,FedCross,74,phase2,0.82583333,0.0,0.8625,0.0
cifar10,FedCross,75,phase2,0.82966667,0.0,0.86325,0.0
cifar10,FedCross,76,phase2,0.827,0.0,0.85875,0.0
cifar10,FedCross,77,phase2,0.83066667,0.0,0.85025,0.0
cifar10,FedCross,78,phase2,0.81383333,0.0,0.8625,0.0
cifar10,FedCross,79,phase2,0.80766667,0.0,0.86575,0.0
cifar10,FedCross,80,phase2,0.8245,0.0,0.86575,0.0
cifar10,FedCross,81,phase2,0.82916667,0.0,0.8725,0.0
cifar10,FedCross,82,phase2,0.8115,0.0,0.86125,0.0
cifar10,FedCross,83,phase2,0.83433333,0.0,0.8675,0.0
cifar10,FedCross,84,phase2,0.82866667,0.0,0.8705,0.0
cifar10,FedCross,85,phase2,0.82283333,0.0,0.87425,0.0
cifar10,FedCross,86,phase2,0.8405,0.0,0.873,0.0
cifar10,FedCross,87,phase2,0.81883333,0.0,0.85025,0.0
cifar10,FedCross,88,phase2,0.82583333,0.0,0.87425,0.0
cifar10,FedCross,89,phase2,0.8235,0.0,0.87125,0.0
cifar10,FedCross,90,phase2,0.8495,0.0,0.877,0.0
cifar10,FedCross,91,phase2,0.8285,0.0,0.86875,0.0
cifar10,FedCross,92,phase2,0.83316667,0.0,0.86425,0.0
cifar10,FedCross,93,phase2,0.834,0.0,0.879,0.0
cifar10,FedCross,94,phase2,0.82033333,0.0,0.8695,0.0
cifar10,FedCross,95,phase2,0.83883333,0.0,0.86375,0.0
cifar10,FedCross,96,phase2,0.84883333,0.0,0.87475,0.0
cifar10,FedCross,97,phase2,0.83383333,0.0,0.88575,0.0
cifar10,FedCross,98,phase2,0.8325,0.0,0.88825,0.0
cifar10,FedCross,99,phase2,0.83633333,0.0,0.87725,0.0
cifar10,FedCross,100,phase2,0.81716667,0.0,0.8765,0.0
cifar10,FedDST,0,phase1,0.16666667,0.08333333,,
cifar10,FedDST,1,phase1,0.16666667,0.08333333,,
cifar10,FedDST,2,phase1,0.16666667,0.08333333,,
cifar10,FedDST,3,phase1,0.16666667,0.08333333,,
cifar10,FedDST,4,phase1,0.16666667,0.08333333,,
cifar10,FedDST,5,phase1,0.16666667,0.08333333,,
cifar10,FedDST,6,phase1,0.16666667,0.08333333,,
cifar10,FedDST,7,phase1,0.16666667,0.08333333,,
cifar10,FedDST,8,phase1,0.16666667,0.08333333,,
cifar10,FedDST,9,phase1,0.16666667,0.08333333,,
cifar10,FedDST,10,phase1,0.16666667,0.08333333,,
cifar10,FedDST,11,phase1,0.16666667,0.08333333,,
cifar10,FedDST,12,phase1,0.16666667,0.08333333,,
cifar10,FedDST,13,phase1,0.16666667,0.08333333,,
cifar10,FedDST,14,phase1,0.16666667,0.08333333,,
cifar10,FedDST,15,phase1,0.16666667,0.08333333,,
cifar10,FedDST,16,phase1,0.16666667,0.08333333,,
cifar10,FedDST,17,phase1,0.16666667,0.08333333,,
cifar10,FedDST,18,phase1,0.16666667,0.08333333,,
cifar10,FedDST,19,phase1,0.16666667,0.08333333,,
cifar10,FedDST,20,phase1,0.16666667,0.08333333,,
cifar10,FedDST,21,phase1,0.16666667,0.08333333,,
cifar10,FedDST,22,phase1,0.16666667,0.08333333,,
cifar10,FedDST,23,phase1,0.16666667,0.08333333,,
cifar10,FedDST,24,phase1,0.16666667,0.08333333,,
cifar10,FedDST,25,phase1,0.16666667,0.08333333,,
cifar10,FedDST,26,phase1,0.16666667,0.08333333,,
cifar10,FedDST,27,phase1,0.16666667,0.08333333,,
cifar10,FedDST,28,phase1,0.16666667,0.08333333,,
cifar10,FedDST,29,phase1,0.16666667,0.08333333,,
cifar10,FedDST,30,phase1,0.16666667,0.08333333,,
cifar10,FedDST,31,phase1,0.16666667,0.08333333,,
cifar10,FedDST,32,phase1,0.16666667,0.08333333,,
cifar10,FedDST,33,phase1,0.16666667,0.08333333,,
cifar10,FedDST,34,phase1,0.16666667,0.08333333,,
cifar10,FedDST,35,phase1,0.16666667,0.08333333,,
cifar10,FedDST,36,phase1,0.16666667,0.08333333,,
cifar10,FedDST,37,phase1,0.16666667,0.08333333,,
cifar10,FedDST,38,phase1,0.16666667,0.08333333,,
cifar10,FedDST,39,phase1,0.16666667,0.08333333,,
cifar10,FedDST,40,phase1,0.16666667,0.08333333,,
cifar10,FedDST,41,phase1,0.16666667,0.08333333,,
cifar10,FedDST,42,phase1,0.16666667,0.08333333,,
cifar10,FedDST,43,phase1,0.16666667,0.08333333,,
cifar10,FedDST,44,phase1,0.16666667,0.08333333,,
cifar10,FedDST,45,phase1,0.16666667,0.08333333,,
cifar10,FedDST,46,phase1,0.16666667,0.08333333,,
cifar10,FedDST,47,phase1,0.16666667,0.08333333,,
cifar10,FedDST,48,phase1,0.16666667,0.08333333,,
cifar10,FedDST,49,phase1,0.16666667,0.08333333,,
cifar10,FedDST,50,phase1,0.16666667,0.08333333,,
cifar10,FedDST,51,phase2,0.16666667,0.08333333,0.0,0.125
cifar10,FedDST,52,phase2,0.16666667,0.08333333,0.0,0.125
cifar10,FedDST,53,phase2,0.16666667,0.08333333,0.0,0.125
cifar10,FedDST,54,phase2,0.16666667,0.08333333,0.0,0.125
cifar10,FedDST,55,phase2,0.16666667,0.08333333,0.0,0.125
cifar10,FedDST,56,phase2,0.16666667,0.08333333,0.0,0.125
cifar10,FedDST,57,phase2,0.16666667,0.08333333,0.0,0.125
cifar10,FedDST,58,phase2,0.16666667,0.08333333,0.0,0.125
cifar10,FedDST,59,phase2,0.16666667,0.08333333,0.0,0.125
cifar10,FedDST,60,phase2,0.16666667,0.08333333,0.0,0.125
cifar10,FedDST,61,phase2,0.16666667,0.08333333,0.0,0.125
cifar10,FedDST,62,phase2,0.16666667,0.08333333,0.0,0.125
cifar10,FedDST,63,phase2,0.16666667,0.08333333,0.0,0.125
cifar10,FedDST,64,phase2,0.16666667,0.08333333,0.0,0.125
cifar10,FedDST,65,phase2,0.16666667,0.08333333,0.0,0.125
cifar10,FedDST,66,phase2,0.16666667,0.08333333,0.0,0.125
cifar10,FedDST,67,phase2,0.16666667,0.08333333,0.0,0.125
cifar10,FedDST,68,phase2,0.16666667,0.08333333,0.0,0.125
cifar10,FedDST,69,phase2,0.16666667,0.08333333,0.0,0.125
cifar10,FedDST,70,phase2,0.16666667,0.08333333,0.0,0.125
cifar10,FedDST,71,phase2,0.16666667,0.08333333,0.0,0.125
cifar10,FedDST,72,phase2,0.16666667,0.08333333,0.0,0.125
cifar10,FedDST,73,phase2,0.16666667,0.08333333,0.0,0.125
cifar10,FedDST,74,phase2,0.16666667,0.08333333,0.0,0.125
cifar10,FedDST,75,phase2,0.16666667,0.08333333,0.0,0.125
cifar10,FedDST,76,phase2,0.16666667,0.08333333,0.0,0.125
cifar10,FedDST,77,phase2,0.16666667,0.08333333,0.0,0.125
cifar10,FedDST,78,phase2,0.16666667,0.08333333,0.0,0.125
cifar10,FedDST,79,phase2,0.16666667,0.08333333,0.0,0.125
cifar10,FedDST,80,phase2,0.16666667,0.08333333,0.0,0.125
cifar10,FedDST,81,phase2,0.16666667,0.08333333,0.0,0.125
cifar10,FedDST,82,phase2,0.16666667,0.08333333,0.0,0.125
cifar10,FedDST,83,phase2,0.16666667,0.08333333,0.0,0.125
cifar10,FedDST,84,phase2,0.16666667,0.08333333,0.0,0.125
cifar10,FedDST,85,phase2,0.16666667,0.08333333,0.0,0.125
cifar10,FedDST,86,phase2,0.16666667,0.08333333,0.0,0.125
cifar10,FedDST,87,phase2,0.16666667,0.08333333,0.0,0.125
cifar10,FedDST,88,phase2,0.16666667,0.08333333,0.0,0.125
cifar10,FedDST,89,phase2,0.16666667,0.08333333,0.0,0.125
cifar10,FedDST,90,phase2,0.16666667,0.08333333,0.0,0.125
cifar10,FedDST,91,phase2,0.16666667,0.08333333,0.0,0.125
cifar10,FedDST,92,phase2,0.16666667,0.08333333,0.0,0.125
cifar10,FedDST,93,phase2,0.16666667,0.08333333,0.0,0.125
cifar10,FedDST,94,phase2,0.16666667,0.08333333,0.0,0.125
cifar10,FedDST,95,phase2,0.16666667,0.08333333,0.0,0.125
cifar10,FedDST,96,phase2,0.16666667,0.08333333,0.0,0.125
cifar10,FedDST,97,phase2,0.16666667,0.08333333,0.0,0.125
cifar10,FedDST,98,phase2,0.16666667,0.08333333,0.0,0.125
cifar10,FedDST,99,phase2,0.16666667,0.08333333,0.0,0.125
cifar10,FedDST,100,phase2,0.16666667,0.08333333,0.0,0.125
cifar10,FedProx,0,phase1,0.16666667,0.08333333,,
cifar10,FedProx,1,phase1,0.32683333,0.058,,
cifar10,FedProx,2,phase1,0.436,0.05575,,
cifar10,FedProx,3,phase1,0.41166667,0.10533333,,
cifar10,FedProx,4,phase1,0.40483333,0.128,,
cifar10,FedProx,5,phase1,0.40233333,0.136,,
cifar10,FedProx,6,phase1,0.40666667,0.13958333,,
cifar10,FedProx,7,phase1,0.40733333,0.14616667,,
cifar10,FedProx,8,phase1,0.41383333,0.14883333,,
cifar10,FedProx,9,phase1,0.416,0.15370833,,
cifar10,FedProx,10,phase1,0.42033333,0.159125,,
cifar10,FedProx,11,phase1,0.42016667,0.16066667,,
cifar10,FedProx,12,phase1,0.42783333,0.16091667,,
cifar10,FedProx,13,phase1,0.43016667,0.159875,,
cifar10,FedProx,14,phase1,0.42633333,0.16041667,,
cifar10,FedProx,15,phase1,0.432,0.156125,,
cifar10,FedProx,16,phase1,0.42583333,0.15345833,,
cifar10,FedProx,17,phase1,0.424,0.15454167,,
cifar10,FedProx,18,phase1,0.42033333,0.1545,,
cifar10,FedProx,19,phase1,0.4245,0.15091667,,
cifar10,FedProx,20,phase1,0.42383333,0.14883333,,
cifar10,FedProx,21,phase1,0.42233333,0.14883333,,
cifar10,FedProx,22,phase1,0.42433333,0.14816667,,
cifar10,FedProx,23,phase1,0.426,0.14566667,,
cifar10,FedProx,24,phase1,0.4245,0.144,,
cifar10,FedProx,25,phase1,0.4245,0.144,,
cifar10,FedProx,26,phase1,0.42533333,0.14433333,,
cifar10,FedProx,27,phase1,0.4285,0.14120833,,
cifar10,FedProx,28,phase1,0.43366667,0.13854167,,
cifar10,FedProx,29,phase1,0.43233333,0.14033333,,
cifar10,FedProx,30,phase1,0.43233333,0.14191667,,
cifar10,FedProx,31,phase1,0.43583333,0.13870833,,
cifar10,FedProx,32,phase1,0.431,0.14104167,,
cifar10,FedProx,33,phase1,0.43366667,0.14245833,,
cifar10,FedProx,34,phase1,0.438,0.14283333,,
cifar10,FedProx,35,phase1,0.43683333,0.14470833,,
cifar10,FedProx,36,phase1,0.44366667,0.14233333,,
cifar10,FedProx,37,phase1,0.44766667,0.141375,,
cifar10,FedProx,38,phase1,0.44766667,0.140375,,
cifar10,FedProx,39,phase1,0.45266667,0.138,,
cifar10,FedProx,40,phase1,0.45283333,0.143,,
cifar10,FedProx,41,phase1,0.4545,0.14054167,,
cifar10,FedProx,42,phase1,0.46066667,0.140375,,
cifar10,FedProx,43,phase1,0.45983333,0.146625,,
cifar10,FedProx,44,phase1,0.46516667,0.13366667,,
cifar10,FedProx,45,phase1,0.46266667,0.13941667,,
cifar10,FedProx,46,phase1,0.46516667,0.141125,,
cifar10,FedProx,47,phase1,0.46566667,0.14270833,,
cifar10,FedProx,48,phase1,0.46916667,0.14391667,,
cifar10,FedProx,49,phase1,0.47433333,0.14345833,,
cifar10,FedProx,50,phase1,0.476,0.14333333,,
cifar10,FedProx,51,phase2,0.47316667,0.14241667,0.0,0.125
cifar10,FedProx,52,phase2,0.45633333,0.11504167,0.0,0.154625
cifar10,FedProx,53,phase2,0.4595,0.11379167,0.0,0.1905
cifar10,FedProx,54,phase2,0.4625,0.11504167,0.0,0.2413125
cifar10,FedProx,55,phase2,0.458,0.11525,0.0025,0.2709375
cifar10,FedProx,56,phase2,0.433,0.12395833,0.10425,0.285
cifar10,FedProx,57,phase2,0.40716667,0.130625,0.15875,0.2849375
cifar10,FedProx,58,phase2,0.39583333,0.1305,0.194,0.2841875
cifar10,FedProx,59,phase2,0.3975,0.13204167,0.21325,0.2888125
cifar10,FedProx,60,phase2,0.3955,0.13783333,0.2325,0.2885625
cifar10,FedProx,61,phase2,0.38766667,0.14579167,0.2455,0.288625
cifar10,FedProx,62,phase2,0.39216667,0.14229167,0.25625,0.288625
cifar10,FedProx,63,phase2,0.387,0.144875,0.25425,0.2896875
cifar10,FedProx,64,phase2,0.38816667,0.15133333,0.2705,0.29175
cifar10,FedProx,65,phase2,0.39,0.15008333,0.2715,0.291625
cifar10,FedProx,66,phase2,0.39066667,0.15145833,0.2735,0.292875
cifar10,FedProx,67,phase2,0.39066667,0.155125,0.27825,0.29075
cifar10,FedProx,68,phase2,0.39466667,0.15270833,0.28475,0.292625
cifar10,FedProx,69,phase2,0.39666667,0.157375,0.296,0.2924375
cifar10,FedProx,70,phase2,0.396,0.16283333,0.29025,0.293875
cifar10,FedProx,71,phase2,0.39383333,0.164625,0.2985,0.2934375
cifar10,FedProx,72,phase2,0.39333333,0.168375,0.3,0.2905
cifar10,FedProx,73,phase2,0.395,0.16929167,0.30525,0.2928125
cifar10,FedProx,74,phase2,0.39366667,0.17225,0.308,0.2971875
cifar10,FedProx,75,phase2,0.4,0.17266667,0.3195,0.2963125
cifar10,FedProx,76,phase2,0.39633333,0.18,0.32375,0.2968125
cifar10,FedProx,77,phase2,0.39883333,0.17891667,0.343,0.297125
cifar10,FedProx,78,phase2,0.40083333,0.17841667,0.35125,0.2975
cifar10,FedProx,79,phase2,0.4025,0.17904167,0.34825,0.2975625
cifar10,FedProx,80,phase2,0.40183333,0.18395833,0.356,0.299125
cifar10,FedProx,81,phase2,0.401,0.18941667,0.367,0.3001875
cifar10,FedProx,82,phase2,0.4035,0.181375,0.38,0.2980625
cifar10,FedProx,83,phase2,0.40433333,0.18554167,0.39825,0.298875
cifar10,FedProx,84,phase2,0.401,0.19,0.40075,0.3011875
cifar10,FedProx,85,phase2,0.399,0.191375,0.4055,0.3031875
cifar10,FedProx,86,phase2,0.39533333,0.20195833,0.411,0.3006875
cifar10,FedProx,87,phase2,0.39333333,0.20166667,0.42,0.3036875
cifar10,FedProx,88,phase2,0.39033333,0.2,0.43,0.306375
cifar10,FedProx,89,phase2,0.3925,0.20916667,0.42675,0.3015
cifar10,FedProx,90,phase2,0.387,0.21195833,0.43325,0.3033125
cifar10,FedProx,91,phase2,0.391,0.21475,0.44325,0.3048125
cifar10,FedProx,92,phase2,0.38633333,0.21804167,0.44,0.3019375
cifar10,FedProx,93,phase2,0.38483333,0.221,0.448,0.3044375
cifar10,FedProx,94,phase2,0.38983333,0.21916667,0.4695,0.3018125
cifar10,FedProx,95,phase2,0.3855,0.22091667,0.46475,0.3001875
cifar10,FedProx,96,phase2,0.38733333,0.22729167,0.46675,0.3035
cifar10,FedProx,97,phase2,0.389,0.229625,0.47225,0.303875
cifar10,FedProx,98,phase2,0.3825,0.23479167,0.46825,0.3048125
cifar10,FedProx,99,phase2,0.39116667,0.22975,0.48625,0.3035
cifar10,FedProx,100,phase2,0.38933333,0.22766667,0.495,0.3005
cifar10,cwFedAvg,0,phase1,0.16666667,0.08333333,,
cifar10,cwFedAvg,1,phase1,0.3335,0.05483333,,
cifar10,cwFedAvg,2,phase1,0.4385,0.05391667,,
cifar10,cwFedAvg,3,phase1,0.41633333,0.1045,,
cifar10,cwFedAvg,4,phase1,0.41566667,0.12704167,,
cifar10,cwFedAvg,5,phase1,0.4125,0.13425,,
cifar10,cwFedAvg,6,phase1,0.41566667,0.13866667,,
cifar10,cwFedAvg,7,phase1,0.418,0.14445833,,
cifar10,cwFedAvg,8,phase1,0.42666667,0.14904167,,
cifar10,cwFedAvg,9,phase1,0.42666667,0.15208333,,
cifar10,cwFedAvg,10,phase1,0.42866667,0.15504167,,
cifar10,cwFedAvg,11,phase1,0.434,0.15633333,,
cifar10,cwFedAvg,12,phase1,0.44183333,0.15016667,,
cifar10,cwFedAvg,13,phase1,0.44116667,0.146375,,
cifar10,cwFedAvg,14,phase1,0.43216667,0.14495833,,
cifar10,cwFedAvg,15,phase1,0.4375,0.1435,,
cifar10,cwFedAvg,16,phase1,0.435,0.14095833,,
cifar10,cwFedAvg,17,phase1,0.4355,0.14383333,,
cifar10,cwFedAvg,18,phase1,0.434,0.14225,,
cifar10,cwFedAvg,19,phase1,0.437,0.14004167,,
cifar10,cwFedAvg,20,phase1,0.43333333,0.139375,,
cifar10,cwFedAvg,21,phase1,0.43483333,0.13908333,,
cifar10,cwFedAvg,22,phase1,0.437,0.13958333,,
cifar10,cwFedAvg,23,phase1,0.43833333,0.13758333,,
cifar10,cwFedAvg,24,phase1,0.4385,0.13683333,,
cifar10,cwFedAvg,25,phase1,0.44333333,0.13520833,,
cifar10,cwFedAvg,26,phase1,0.4375,0.13741667,,
cifar10,cwFedAvg,27,phase1,0.44516667,0.13445833,,
cifar10,cwFedAvg,28,phase1,0.45033333,0.13204167,,
cifar10,cwFedAvg,29,phase1,0.44783333,0.13325,,
cifar10,cwFedAvg,30,phase1,0.451,0.13504167,,
cifar10,cwFedAvg,31,phase1,0.45366667,0.13229167,,
cifar10,cwFedAvg,32,phase1,0.45183333,0.13495833,,
cifar10,cwFedAvg,33,phase1,0.45583333,0.138,,
cifar10,cwFedAvg,34,phase1,0.45716667,0.13666667,,
cifar10,cwFedAvg,35,phase1,0.4565,0.13891667,,
cifar10,cwFedAvg,36,phase1,0.46216667,0.13533333,,
cifar10,cwFedAvg,37,phase1,0.46233333,0.13558333,,
cifar10,cwFedAvg,38,phase1,0.4645,0.13541667,,
cifar10,cwFedAvg,39,phase1,0.47066667,0.134,,
cifar10,cwFedAvg,40,phase1,0.47233333,0.13704167,,
cifar10,cwFedAvg,41,phase1,0.47433333,0.134625,,
cifar10,cwFedAvg,42,phase1,0.47583333,0.13541667,,
cifar10,cwFedAvg,43,phase1,0.47333333,0.142125,,
cifar10,cwFedAvg,44,phase1,0.48116667,0.12816667,,
cifar10,cwFedAvg,45,phase1,0.4805,0.13433333,,
cifar10,cwFedAvg,46,phase1,0.4795,0.13504167,,
cifar10,cwFedAvg,47,phase1,0.48166667,0.137875,,
cifar10,cwFedAvg,48,phase1,0.484,0.13954167,,
cifar10,cwFedAvg,49,phase1,0.4895,0.13925,,
cifar10,cwFedAvg,50,phase1,0.48833333,0.13941667,,
cifar10,cwFedAvg,51,phase2,0.48683333,0.13708333,0.0,0.125
cifar10,cwFedAvg,52,phase2,0.4805,0.112875,0.0,0.1464375
cifar10,cwFedAvg,53,phase2,0.481,0.11558333,0.0,0.20725
cifar10,cwFedAvg,54,phase2,0.48266667,0.11983333,0.0,0.257875
cifar10,cwFedAvg,55,phase2,0.476,0.12208333,0.01725,0.2800625
cifar10,cwFedAvg,56,phase2,0.442,0.13033333,0.1285,0.2686875
cifar10,cwFedAvg,57,phase2,0.417,0.13475,0.1835,0.2541875
cifar10,cwFedAvg,58,phase2,0.41116667,0.13433333,0.209,0.2464375
cifar10,cwFedAvg,59,phase2,0.4065,0.13825,0.2115,0.2475
cifar10,cwFedAvg,60,phase2,0.40716667,0.14383333,0.2155,0.2495
cifar10,cwFedAvg,61,phase2,0.4015,0.15120833,0.21825,0.253625
cifar10,cwFedAvg,62,phase2,0.39983333,0.1485,0.22775,0.2535
cifar10,cwFedAvg,63,phase2,0.393,0.15045833,0.22675,0.2503125
cifar10,cwFedAvg,64,phase2,0.39566667,0.15504167,0.2295,0.2595
cifar10,cwFedAvg,65,phase2,0.39333333,0.15341667,0.2315,0.25675
cifar10,cwFedAvg,66,phase2,0.3905,0.15608333,0.22825,0.2540625
cifar10,cwFedAvg,67,phase2,0.39016667,0.15820833,0.23025,0.2549375
cifar10,cwFedAvg,68,phase2,0.391,0.15816667,0.24375,0.2551875
cifar10,cwFedAvg,69,phase2,0.39016667,0.16358333,0.25275,0.2613125
cifar10,cwFedAvg,70,phase2,0.387,0.166,0.24775,0.263875
cifar10,cwFedAvg,71,phase2,0.38583333,0.16829167,0.26075,0.25975
cifar10,cwFedAvg,72,phase2,0.38333333,0.16895833,0.2565,0.2620625
cifar10,cwFedAvg,73,phase2,0.38133333,0.16975,0.266,0.2655625
cifar10,cwFedAvg,74,phase2,0.38583333,0.17304167,0.27325,0.2696875
cifar10,cwFedAvg,75,phase2,0.38433333,0.17191667,0.288,0.2686875
cifar10,cwFedAvg,76,phase2,0.38216667,0.17645833,0.28425,0.269875
cifar10,cwFedAvg,77,phase2,0.38466667,0.17320833,0.29775,0.26975
cifar10,cwFedAvg,78,phase2,0.3835,0.17333333,0.304,0.268125
cifar10,cwFedAvg,79,phase2,0.38516667,0.172125,0.30075,0.265625
cifar10,cwFedAvg,80,phase2,0.38433333,0.174875,0.30525,0.2694375
cifar10,cwFedAvg,81,phase2,0.3855,0.1805,0.3125,0.271375
cifar10,cwFedAvg,82,phase2,0.38516667,0.173625,0.31925,0.2660625
cifar10,cwFedAvg,83,phase2,0.38416667,0.17525,0.3285,0.267125
cifar10,cwFedAvg,84,phase2,0.38616667,0.17808333,0.32875,0.2665
cifar10,cwFedAvg,85,phase2,0.3825,0.179875,0.33325,0.26575
cifar10,cwFedAvg,86,phase2,0.3795,0.188125,0.339,0.270375
cifar10,cwFedAvg,87,phase2,0.38083333,0.187875,0.3415,0.2705
cifar10,cwFedAvg,88,phase2,0.38333333,0.18804167,0.34975,0.2695
cifar10,cwFedAvg,89,phase2,0.383,0.19133333,0.351,0.2685
cifar10,cwFedAvg,90,phase2,0.37933333,0.19304167,0.356,0.2751875
cifar10,cwFedAvg,91,phase2,0.38416667,0.196375,0.3675,0.277125
cifar10,cwFedAvg,92,phase2,0.377,0.19704167,0.36775,0.271875
cifar10,cwFedAvg,93,phase2,0.37716667,0.19979167,0.37175,0.2750625
cifar10,cwFedAvg,94,phase2,0.38116667,0.19925,0.39625,0.2715625
cifar10,cwFedAvg,95,phase2,0.37366667,0.19833333,0.3875,0.26875
cifar10,cwFedAvg,96,phase2,0.375,0.203,0.3965,0.2729375
cifar10,cwFedAvg,97,phase2,0.377,0.20895833,0.4035,0.275625
cifar10,cwFedAvg,98,phase2,0.36933333,0.21416667,0.40975,0.282
cifar10,cwFedAvg,99,phase2,0.375,0.21016667,0.43075,0.271125
cifar10,cwFedAvg,100,phase2,0.3765,0.20554167,0.437,0.269
cifar10,pFedMe,0,phase1,0.16666667,0.08333333,,
cifar10,pFedMe,1,phase1,0.733,0.0,,
cifar10,pFedMe,2,phase1,0.77516667,0.0,,
cifar10,pFedMe,3,phase1,0.77633333,0.0,,
cifar10,pFedMe,4,phase1,0.77,0.0,,
cifar10,pFedMe,5,phase1,0.77333333,0.0,,
cifar10,pFedMe,6,phase1,0.78616667,0.0,,
cifar10,pFedMe,7,phase1,0.7785,0.0,,
cifar10,pFedMe,8,phase1,0.7805,0.0,,
cifar10,pFedMe,9,phase1,0.78533333,0.0,,
cifar10,pFedMe,10,phase1,0.7695,0.0,,
cifar10,pFedMe,11,phase1,0.77833333,0.0,,
cifar10,pFedMe,12,phase1,0.78266667,0.0,,
cifar10,pFedMe,13,phase1,0.784,0.0,,
cifar10,pFedMe,14,phase1,0.78433333,0.0,,
cifar10,pFedMe,15,phase1,0.78066667,0.0,,
cifar10,pFedMe,16,phase1,0.784,0.0,,
cifar10,pFedMe,17,phase1,0.78833333,0.0,,
cifar10,pFedMe,18,phase1,0.77383333,0.0,,
cifar10,pFedMe,19,phase1,0.79033333,0.0,,
cifar10,pFedMe,20,phase1,0.78183333,0.0,,
cifar10,pFedMe,21,phase1,0.789,0.0,,
cifar10,pFedMe,22,phase1,0.78116667,0.0,,
cifar10,pFedMe,23,phase1,0.77466667,0.0,,
cifar10,pFedMe,24,phase1,0.7875,0.0,,
cifar10,pFedMe,25,phase1,0.77,0.0,,
cifar10,pFedMe,26,phase1,0.783,0.0,,
cifar10,pFedMe,27,phase1,0.7775,0.0,,
cifar10,pFedMe,28,phase1,0.79333333,0.0,,
cifar10,pFedMe,29,phase1,0.77583333,0.0,,
cifar10,pFedMe,30,phase1,0.79466667,0.0,,
cifar10,pFedMe,31,phase1,0.77433333,0.0,,
cifar10,pFedMe,32,phase1,0.80083333,0.0,,
cifar10,pFedMe,33,phase1,0.78066667,0.0,,
cifar10,pFedMe,34,phase1,0.78866667,0.0,,
cifar10,pFedMe,35,phase1,0.7945,0.0,,
cifar10,pFedMe,36,phase1,0.78633333,0.0,,
cifar10,pFedMe,37,phase1,0.79533333,0.0,,
cifar10,pFedMe,38,phase1,0.7925,0.0,,
cifar10,pFedMe,39,phase1,0.78683333,0.0,,
cifar10,pFedMe,40,phase1,0.77766667,0.0,,
cifar10,pFedMe,41,phase1,0.785,0.0,,
cifar10,pFedMe,42,phase1,0.79083333,0.0,,
cifar10,pFedMe,43,phase1,0.7855,0.0,,
cifar10,pFedMe,44,phase1,0.78816667,0.0,,
cifar10,pFedMe,45,phase1,0.7795,0.0,,
cifar10,pFedMe,46,phase1,0.78166667,0.0,,
cifar10,pFedMe,47,phase1,0.78266667,0.0,,
cifar10,pFedMe,48,phase1,0.78816667,0.0,,
cifar10,pFedMe,49,phase1,0.78,0.0,,
cifar10,pFedMe,50,phase1,0.785,0.0,,
cifar10,pFedMe,51,phase2,0.78183333,0.0,0.0,0.125
cifar10,pFedMe,52,phase2,0.78866667,0.0,0.798,0.0
cifar10,pFedMe,53,phase2,0.7885,0.0,0.8115,0.0
cifar10,pFedMe,54,phase2,0.7845,0.0,0.8205,0.0
cifar10,pFedMe,55,phase2,0.78,0.0,0.822,0.0
cifar10,pFedMe,56,phase2,0.78383333,0.0,0.8225,0.0
cifar10,pFedMe,57,phase2,0.7955,0.0,0.82375,0.0
cifar10,pFedMe,58,phase2,0.78166667,0.0,0.84,0.0
cifar10,pFedMe,59,phase2,0.791,0.0,0.8235,0.0
cifar10,pFedMe,60,phase2,0.78316667,0.0,0.8235,0.0
cifar10,pFedMe,61,phase2,0.78216667,0.0,0.81925,0.0
cifar10,pFedMe,62,phase2,0.793,0.0,0.8245,0.0
cifar10,pFedMe,63,phase2,0.79216667,0.0,0.8265,0.0
cifar10,pFedMe,64,phase2,0.78833333,0.0,0.83,0.0
cifar10,pFedMe,65,phase2,0.78616667,0.0,0.822,0.0
cifar10,pFedMe,66,phase2,0.78733333,0.0,0.81125,0.0
cifar10,pFedMe,67,phase2,0.78766667,0.0,0.8295,0.0
cifar10,pFedMe,68,phase2,0.78483333,0.0,0.82625,0.0
cifar10,pFedMe,69,phase2,0.7875,0.0,0.8445,0.0
cifar10,pFedMe,70,phase2,0.78116667,0.0,0.82875,0.0
cifar10,pFedMe,71,phase2,0.79133333,0.0,0.8285,0.0
cifar10,pFedMe,72,phase2,0.78116667,0.0,0.828,0.0
cifar10,pFedMe,73,phase2,0.78566667,0.0,0.82225,0.0
cifar10,pFedMe,74,phase2,0.79,0.0,0.83925,0.0
cifar10,pFedMe,75,phase2,0.78533333,0.0,0.83325,0.0
cifar10,pFedMe,76,phase2,0.78066667,0.0,0.82425,0.0
cifar10,pFedMe,77,phase2,0.76266667,0.0,0.8195,0.0
cifar10,pFedMe,78,phase2,0.779,0.0,0.812,0.0
cifar10,pFedMe,79,phase2,0.78266667,0.0,0.82375,0.0
cifar10,pFedMe,80,phase2,0.79283333,0.0,0.8245,0.0
cifar10,pFedMe,81,phase2,0.791,0.0,0.814,0.0
cifar10,pFedMe,82,phase2,0.78116667,0.0,0.829,0.0
cifar10,pFedMe,83,phase2,0.79233333,0.0,0.83775,0.0
cifar10,pFedMe,84,phase2,0.79833333,0.0,0.822,0.0
cifar10,pFedMe,85,phase2,0.77583333,0.0,0.82175,0.0
cifar10,pFedMe,86,phase2,0.7895,0.0,0.82375,0.0
cifar10,pFedMe,87,phase2,0.78816667,0.0,0.82275,0.0
cifar10,pFedMe,88,phase2,0.7845,0.0,0.8215,0.0
cifar10,pFedMe,89,phase2,0.7885,0.0,0.83375,0.0
cifar10,pFedMe,90,phase2,0.78783333,0.0,0.80175,0.0
cifar10,pFedMe,91,phase2,0.77766667,0.0,0.81925,0.0
cifar10,pFedMe,92,phase2,0.77216667,0.0,0.83075,0.0
cifar10,pFedMe,93,phase2,0.7885,0.0,0.82125,0.0
cifar10,pFedMe,94,phase2,0.78366667,0.0,0.80975,0.0
cifar10,pFedMe,95,phase2,0.78666667,0.0,0.809,0.0
cifar10,pFedMe,96,phase2,0.776,0.0,0.8285,0.0
cifar10,pFedMe,97,phase2,0.7865,0.0,0.8205,0.0
cifar10,pFedMe,98,phase2,0.78283333,0.0,0.8165,0.0
cifar10,pFedMe,99,phase2,0.7875,0.0,0.82825,0.0
cifar10,pFedMe,100,phase2,0.7895,0.0,0.843,0.0
fashionmnist,DualFed,0,phase1,0.16666667,0.08333333,,
fashionmnist,DualFed,1,phase1,0.59566667,0.071875,,
fashionmnist,DualFed,2,phase1,0.86,0.00208333,,
fashionmnist,DualFed,3,phase1,0.92283333,0.0,,
fashionmnist,DualFed,4,phase1,0.93516667,0.0,,
fashionmnist,DualFed,5,phase1,0.94416667,0.0,,
fashionmnist,DualFed,6,phase1,0.95066667,0.0,,
fashionmnist,DualFed,7,phase1,0.95583333,0.0,,
fashionmnist,DualFed,8,phase1,0.957,0.0,,
fashionmnist,DualFed,9,phase1,0.959,0.0,,
fashionmnist,DualFed,10,phase1,0.95966667,0.0,,
fashionmnist,DualFed,11,phase1,0.96016667,0.0,,
fashionmnist,DualFed,12,phase1,0.96083333,0.0,,
fashionmnist,DualFed,13,phase1,0.96116667,0.0,,
fashionmnist,DualFed,14,phase1,0.96283333,0.0,,
fashionmnist,DualFed,15,phase1,0.96383333,0.0,,
fashionmnist,DualFed,16,phase1,0.96516667,0.0,,
fashionmnist,DualFed,17,phase1,0.965,0.0,,
fashionmnist,DualFed,18,phase1,0.96533333,0.0,,
fashionmnist,DualFed,19,phase1,0.967,0.0,,
fashionmnist,DualFed,20,phase1,0.96666667,0.0,,
fashionmnist,DualFed,21,phase1,0.9675,0.0,,
fashionmnist,DualFed,22,phase1,0.96816667,0.0,,
fashionmnist,DualFed,23,phase1,0.96816667,0.0,,
fashionmnist,DualFed,24,phase1,0.968,0.0,,
fashionmnist,DualFed,25,phase1,0.968,4.167e-05,,
fashionmnist,DualFed,26,phase1,0.969,0.0,,
fashionmnist,DualFed,27,phase1,0.96916667,0.0,,
fashionmnist,DualFed,28,phase1,0.969,0.0,,
fashionmnist,DualFed,29,phase1,0.9685,0.00079167,,
fashionmnist,DualFed,30,phase1,0.96933333,8.333e-05,,
fashionmnist,DualFed,31,phase1,0.96983333,0.0,,
fashionmnist,DualFed,32,phase1,0.97016667,0.00041667,,
fashionmnist,DualFed,33,phase1,0.97016667,0.00025,,
fashionmnist,DualFed,34,phase1,0.968,0.00041667,,
fashionmnist,DualFed,35,phase1,0.9695,0.000375,,
fashionmnist,DualFed,36,phase1,0.9705,0.00116667,,
fashionmnist,DualFed,37,phase1,0.97033333,0.00091667,,
fashionmnist,DualFed,38,phase1,0.971,0.00158333,,
fashionmnist,DualFed,39,phase1,0.97083333,0.00108333,,
fashionmnist,DualFed,40,phase1,0.97016667,0.001125,,
fashionmnist,DualFed,41,phase1,0.9715,0.00183333,,
fashionmnist,DualFed,42,phase1,0.97033333,0.00133333,,
fashionmnist,DualFed,43,phase1,0.97066667,0.00166667,,
fashionmnist,DualFed,44,phase1,0.97133333,0.00166667,,
fashionmnist,DualFed,45,phase1,0.97216667,0.0025,,
fashionmnist,DualFed,46,phase1,0.9705,0.003125,,
fashionmnist,DualFed,47,phase1,0.97133333,0.00258333,,
fashionmnist,DualFed,48,phase1,0.9715,0.00354167,,
fashionmnist,DualFed,49,phase1,0.97133333,0.00366667,,
fashionmnist,DualFed,50,phase1,0.97133333,0.00308333,,
fashionmnist,DualFed,51,phase2,0.97116667,0.00341667,0.0,0.125
fashionmnist,DualFed,52,phase2,0.97033333,0.0,0.0,0.3976875
fashionmnist,DualFed,53,phase2,0.96933333,0.0,0.447,0.378625
fashionmnist,DualFed,54,phase2,0.97083333,0.0,0.957,0.1256875
fashionmnist,DualFed,55,phase2,0.97116667,0.0,0.9625,0.0610625
fashionmnist,DualFed,56,phase2,0.96983333,0.0,0.96575,0.0424375
fashionmnist,DualFed,57,phase2,0.97033333,0.0,0.96925,0.030625
fashionmnist,DualFed,58,phase2,0.97016667,0.0,0.97175,0.021625
fashionmnist,DualFed,59,phase2,0.97016667,0.0,0.976,0.0153125
fashionmnist,DualFed,60,phase2,0.97166667,0.0,0.97975,0.0105625
fashionmnist,DualFed,61,phase2,0.97116667,0.0,0.98325,0.008
fashionmnist,DualFed,62,phase2,0.97116667,0.0,0.986,0.006
fashionmnist,DualFed,63,phase2,0.972,0.0,0.987,0.00525
fashionmnist,DualFed,64,phase2,0.97166667,0.0,0.988,0.0046875
fashionmnist,DualFed,65,phase2,0.97166667,0.0,0.98825,0.0045625
fashionmnist,DualFed,66,phase2,0.9715,0.0,0.98975,0.004625
fashionmnist,DualFed,67,phase2,0.973,0.0,0.99,0.0045625
fashionmnist,DualFed,68,phase2,0.9705,0.0,0.99075,0.0035625
fashionmnist,DualFed,69,phase2,0.97166667,0.0,0.992,0.0036875
fashionmnist,DualFed,70,phase2,0.97233333,0.0,0.9905,0.0041875
fashionmnist,DualFed,71,phase2,0.9715,4.167e-05,0.99075,0.004375
fashionmnist,DualFed,72,phase2,0.9725,0.0,0.99225,0.00425
fashionmnist,DualFed,73,phase2,0.97233333,0.0,0.99025,0.0053125
fashionmnist,DualFed,74,phase2,0.97183333,0.0,0.992,0.004
fashionmnist,DualFed,75,phase2,0.97283333,0.0,0.99225,0.0041875
fashionmnist,DualFed,76,phase2,0.97266667,0.0,0.99225,0.004375
fashionmnist,DualFed,77,phase2,0.97233333,0.0,0.99275,0.00425
fashionmnist,DualFed,78,phase2,0.9725,0.0,0.99275,0.004375
fashionmnist,DualFed,79,phase2,0.973,0.0,0.993,0.0036875
fashionmnist,DualFed,80,phase2,0.97216667,0.0,0.99325,0.004875
fashionmnist,DualFed,81,phase2,0.97333333,0.0,0.9935,0.0048125
fashionmnist,DualFed,82,phase2,0.97233333,4.167e-05,0.99325,0.0051875
fashionmnist,DualFed,83,phase2,0.97183333,8.333e-05,0.993,0.0063125
fashionmnist,DualFed,84,phase2,0.972,4.167e-05,0.9935,0.0058125
fashionmnist,DualFed,85,phase2,0.9725,0.0,0.994,0.0050625
fashionmnist,DualFed,86,phase2,0.97333333,4.167e-05,0.99375,0.006125
fashionmnist,DualFed,87,phase2,0.97266667,8.333e-05,0.994,0.0061875
fashionmnist,DualFed,88,phase2,0.97316667,8.333e-05,0.9945,0.005625
fashionmnist,DualFed,89,phase2,0.97183333,0.00058333,0.995,0.0058125
fashionmnist,DualFed,90,phase2,0.97333333,0.000125,0.994,0.0066875
fashionmnist,DualFed,91,phase2,0.97183333,0.00025,0.9945,0.00725
fashionmnist,DualFed,92,phase2,0.97283333,0.00016667,0.99475,0.0070625
fashionmnist,DualFed,93,phase2,0.97333333,0.000125,0.9955,0.0066875
fashionmnist,DualFed,94,phase2,0.973,0.00029167,0.99475,0.006625
fashionmnist,DualFed,95,phase2,0.9725,0.0005,0.99525,0.0064375
fashionmnist,DualFed,96,phase2,0.97283333,0.00041667,0.995,0.007625
fashionmnist,DualFed,97,phase2,0.97316667,0.00041667,0.99525,0.008
fashionmnist,DualFed,98,phase2,0.9725,0.00058333,0.99425,0.0083125
fashionmnist,DualFed,99,phase2,0.97333333,0.00066667,0.9955,0.007875
fashionmnist,DualFed,100,phase2,0.97466667,0.00079167,0.995,0.0085
fashionmnist,FedALA,0,phase1,0.16666667,0.08333333,,
fashionmnist,FedALA,1,phase1,0.33333333,0.10541667,,
fashionmnist,FedALA,2,phase1,0.87633333,0.062625,,
fashionmnist,FedALA,3,phase1,0.92683333,0.04258333,,
fashionmnist,FedALA,4,phase1,0.93483333,0.03920833,,
fashionmnist,FedALA,5,phase1,0.9425,0.04208333,,
fashionmnist,FedALA,6,phase1,0.94533333,0.05004167,,
fashionmnist,FedALA,7,phase1,0.94966667,0.05570833,,
fashionmnist,FedALA,8,phase1,0.951,0.06554167,,
fashionmnist,FedALA,9,phase1,0.954,0.07079167,,
fashionmnist,FedALA,10,phase1,0.9555,0.07470833,,
fashionmnist,FedALA,11,phase1,0.957,0.080625,,
fashionmnist,FedALA,12,phase1,0.95833333,0.08691667,,
fashionmnist,FedALA,13,phase1,0.959,0.089875,,
fashionmnist,FedALA,14,phase1,0.95966667,0.092625,,
fashionmnist,FedALA,15,phase1,0.96033333,0.09170833,,
fashionmnist,FedALA,16,phase1,0.96083333,0.09208333,,
fashionmnist,FedALA,17,phase1,0.961,0.09266667,,
fashionmnist,FedALA,18,phase1,0.96233333,0.09320833,,
fashionmnist,FedALA,19,phase1,0.962,0.09054167,,
fashionmnist,FedALA,20,phase1,0.96333333,0.09204167,,
fashionmnist,FedALA,21,phase1,0.965,0.09270833,,
fashionmnist,FedALA,22,phase1,0.96583333,0.08983333,,
fashionmnist,FedALA,23,phase1,0.9665,0.08991667,,
fashionmnist,FedALA,24,phase1,0.967,0.08725,,
fashionmnist,FedALA,25,phase1,0.96833333,0.08416667,,
fashionmnist,FedALA,26,phase1,0.96816667,0.082875,,
fashionmnist,FedALA,27,phase1,0.96933333,0.08166667,,
fashionmnist,FedALA,28,phase1,0.969,0.07858333,,
fashionmnist,FedALA,29,phase1,0.96983333,0.07875,,
fashionmnist,FedALA,30,phase1,0.9705,0.074125,,
fashionmnist,FedALA,31,phase1,0.9715,0.072,,
fashionmnist,FedALA,32,phase1,0.97083333,0.06916667,,
fashionmnist,FedALA,33,phase1,0.97083333,0.06679167,,
fashionmnist,FedALA,34,phase1,0.97133333,0.06395833,,
fashionmnist,FedALA,35,phase1,0.97216667,0.061375,,
fashionmnist,FedALA,36,phase1,0.97183333,0.06016667,,
fashionmnist,FedALA,37,phase1,0.97266667,0.05745833,,
fashionmnist,FedALA,38,phase1,0.97283333,0.05454167,,
fashionmnist,FedALA,39,phase1,0.97333333,0.052875,,
fashionmnist,FedALA,40,phase1,0.9735,0.05041667,,
fashionmnist,FedALA,41,phase1,0.97316667,0.05029167,,
fashionmnist,FedALA,42,phase1,0.97366667,0.04829167,,
fashionmnist,FedALA,43,phase1,0.9735,0.04745833,,
fashionmnist,FedALA,44,phase1,0.97433333,0.04466667,,
fashionmnist,FedALA,45,phase1,0.97366667,0.04320833,,
fashionmnist,FedALA,46,phase1,0.97433333,0.04220833,,
fashionmnist,FedALA,47,phase1,0.97433333,0.0415,,
fashionmnist,FedALA,48,phase1,0.975,0.042,,
fashionmnist,FedALA,49,phase1,0.9745,0.03904167,,
fashionmnist,FedALA,50,phase1,0.975,0.039,,
fashionmnist,FedALA,51,phase2,0.97483333,0.03833333,0.0,0.1275
fashionmnist,FedALA,52,phase2,0.96233333,0.03216667,0.0,0.1559375
fashionmnist,FedALA,53,phase2,0.9605,0.00816667,0.01025,0.4045625
fashionmnist,FedALA,54,phase2,0.96116667,0.00258333,0.98075,0.1310625
fashionmnist,FedALA,55,phase2,0.96333333,0.00091667,0.98825,0.035125
fashionmnist,FedALA,56,phase2,0.9655,0.00058333,0.991,0.00125
fashionmnist,FedALA,57,phase2,0.96816667,0.00020833,0.993,0.0
fashionmnist,FedALA,58,phase2,0.96916667,4.167e-05,0.995,0.0
fashionmnist,FedALA,59,phase2,0.97033333,8.333e-05,0.9945,0.0
fashionmnist,FedALA,60,phase2,0.9715,0.01,0.9945,0.0
fashionmnist,FedALA,61,phase2,0.97166667,0.02529167,0.99475,0.0
fashionmnist,FedALA,62,phase2,0.97233333,0.03108333,0.99475,0.0
fashionmnist,FedALA,63,phase2,0.97433333,0.033625,0.99525,0.0
fashionmnist,FedALA,64,phase2,0.97433333,0.036375,0.99525,0.0
fashionmnist,FedALA,65,phase2,0.97433333,0.03766667,0.99675,0.0
fashionmnist,FedALA,66,phase2,0.97466667,0.040375,0.99675,0.0
fashionmnist,FedALA,67,phase2,0.97483333,0.04275,0.9975,0.0
fashionmnist,FedALA,68,phase2,0.97533333,0.04529167,0.9975,0.0
fashionmnist,FedALA,69,phase2,0.97566667,0.04729167,0.9975,0.0
fashionmnist,FedALA,70,phase2,0.97583333,0.04970833,0.9975,0.000125
fashionmnist,FedALA,71,phase2,0.9755,0.05341667,0.9975,0.000375
fashionmnist,FedALA,72,phase2,0.976,0.05629167,0.9975,0.0005625
fashionmnist,FedALA,73,phase2,0.9765,0.06004167,0.9975,0.00075
fashionmnist,FedALA,74,phase2,0.97616667,0.06225,0.9975,0.00075
fashionmnist,FedALA,75,phase2,0.97616667,0.06454167,0.9975,0.000875
fashionmnist,FedALA,76,phase2,0.97666667,0.066875,0.9975,0.0013125
fashionmnist,FedALA,77,phase2,0.97666667,0.06825,0.9975,0.0015
fashionmnist,FedALA,78,phase2,0.97733333,0.06970833,0.9975,0.0016875
fashionmnist,FedALA,79,phase2,0.9765,0.07141667,0.9975,0.0016875
fashionmnist,FedALA,80,phase2,0.9765,0.07358333,0.9975,0.0019375
fashionmnist,FedALA,81,phase2,0.97683333,0.07604167,0.9975,0.001875
fashionmnist,FedALA,82,phase2,0.97666667,0.07645833,0.9975,0.001875
fashionmnist,FedALA,83,phase2,0.97733333,0.07629167,0.99725,0.0018125
fashionmnist,FedALA,84,phase2,0.97666667,0.077875,0.9975,0.001875
fashionmnist,FedALA,85,phase2,0.9775,0.07941667,0.99725,0.0016875
fashionmnist,FedALA,86,phase2,0.97683333,0.07958333,0.99725,0.0014375
fashionmnist,FedALA,87,phase2,0.9765,0.08045833,0.99725,0.00125
fashionmnist,FedALA,88,phase2,0.97633333,0.080375,0.9975,0.00075
fashionmnist,FedALA,89,phase2,0.97683333,0.08016667,0.99725,0.000625
fashionmnist,FedALA,90,phase2,0.97766667,0.082,0.997,0.0005625
fashionmnist,FedALA,91,phase2,0.97633333,0.08166667,0.99725,0.0004375
fashionmnist,FedALA,92,phase2,0.9775,0.082,0.99675,0.00025
fashionmnist,FedALA,93,phase2,0.97666667,0.08191667,0.997,0.0
fashionmnist,FedALA,94,phase2,0.977,0.08141667,0.99725,0.0
fashionmnist,FedALA,95,phase2,0.97716667,0.08175,0.997,0.0
fashionmnist,FedALA,96,phase2,0.97733333,0.08179167,0.997,0.0
fashionmnist,FedALA,97,phase2,0.977,0.08091667,0.99675,0.0
fashionmnist,FedALA,98,phase2,0.9765,0.08016667,0.99675,0.0
fashionmnist,FedALA,99,phase2,0.977,0.080625,0.997,0.0
fashionmnist,FedALA,100,phase2,0.9775,0.08108333,0.99675,0.0
fashionmnist,FedAS,0,phase1,0.16666667,0.08333333,,
fashionmnist,FedAS,1,phase1,0.83216667,0.0,,
fashionmnist,FedAS,2,phase1,0.932,0.0,,
fashionmnist,FedAS,3,phase1,0.94533333,0.0,,
fashionmnist,FedAS,4,phase1,0.9515,0.0,,
fashionmnist,FedAS,5,phase1,0.95633333,0.0,,
fashionmnist,FedAS,6,phase1,0.95833333,0.0,,
fashionmnist,FedAS,7,phase1,0.95916667,0.0,,
fashionmnist,FedAS,8,phase1,0.96233333,0.0,,
fashionmnist,FedAS,9,phase1,0.9625,0.0,,
fashionmnist,FedAS,10,phase1,0.96516667,0.0,,
fashionmnist,FedAS,11,phase1,0.96666667,0.0,,
fashionmnist,FedAS,12,phase1,0.96766667,0.0,,
fashionmnist,FedAS,13,phase1,0.96716667,0.0,,
fashionmnist,FedAS,14,phase1,0.9685,0.0,,
fashionmnist,FedAS,15,phase1,0.96883333,0.0,,
fashionmnist,FedAS,16,phase1,0.96883333,0.0,,
fashionmnist,FedAS,17,phase1,0.97116667,0.0,,
fashionmnist,FedAS,18,phase1,0.97083333,0.0,,
fashionmnist,FedAS,19,phase1,0.97083333,0.0,,
fashionmnist,FedAS,20,phase1,0.97166667,0.0,,
fashionmnist,FedAS,21,phase1,0.97033333,0.0,,
fashionmnist,FedAS,22,phase1,0.97116667,0.0,,
fashionmnist,FedAS,23,phase1,0.971,0.0,,
fashionmnist,FedAS,24,phase1,0.972,0.0,,
fashionmnist,FedAS,25,phase1,0.97233333,0.0,,
fashionmnist,FedAS,26,phase1,0.972,0.0,,
fashionmnist,FedAS,27,phase1,0.974,0.0,,
fashionmnist,FedAS,28,phase1,0.97216667,0.0,,
fashionmnist,FedAS,29,phase1,0.97383333,0.0,,
fashionmnist,FedAS,30,phase1,0.97333333,0.0,,
fashionmnist,FedAS,31,phase1,0.97466667,0.0,,
fashionmnist,FedAS,32,phase1,0.9735,0.0,,
fashionmnist,FedAS,33,phase1,0.97366667,0.0,,
fashionmnist,FedAS,34,phase1,0.9745,0.0,,
fashionmnist,FedAS,35,phase1,0.97366667,0.0,,
fashionmnist,FedAS,36,phase1,0.97483333,0.0,,
fashionmnist,FedAS,37,phase1,0.975,0.0,,
fashionmnist,FedAS,38,phase1,0.97433333,0.0,,
fashionmnist,FedAS,39,phase1,0.9745,0.0,,
fashionmnist,FedAS,40,phase1,0.975,0.0,,
fashionmnist,FedAS,41,phase1,0.97466667,0.0,,
fashionmnist,FedAS,42,phase1,0.97466667,0.0,,
fashionmnist,FedAS,43,phase1,0.97533333,0.0,,
fashionmnist,FedAS,44,phase1,0.97533333,0.0,,
fashionmnist,FedAS,45,phase1,0.97483333,0.0,,
fashionmnist,FedAS,46,phase1,0.97533333,0.0,,
fashionmnist,FedAS,47,phase1,0.97533333,0.0,,
fashionmnist,FedAS,48,phase1,0.975,0.0,,
fashionmnist,FedAS,49,phase1,0.97516667,0.0,,
fashionmnist,FedAS,50,phase1,0.97483333,0.0,,
fashionmnist,FedAS,51,phase2,0.97633333,0.0,0.0,0.125
fashionmnist,FedAS,52,phase2,0.97533333,0.0,0.9385,0.0
fashionmnist,FedAS,53,phase2,0.97533333,0.0,0.98975,0.0
fashionmnist,FedAS,54,phase2,0.97566667,0.0,0.99475,0.0
fashionmnist,FedAS,55,phase2,0.97516667,0.0,0.99625,0.0
fashionmnist,FedAS,56,phase2,0.97583333,0.0,0.9975,0.0
fashionmnist,FedAS,57,phase2,0.976,0.0,0.9975,0.0
fashionmnist,FedAS,58,phase2,0.97616667,0.0,0.9975,0.0
fashionmnist,FedAS,59,phase2,0.97583333,0.0,0.9975,0.0
fashionmnist,FedAS,60,phase2,0.9755,0.0,0.9975,0.0
fashionmnist,FedAS,61,phase2,0.975,0.0,0.9975,0.0
fashionmnist,FedAS,62,phase2,0.97483333,0.0,0.9975,0.0
fashionmnist,FedAS,63,phase2,0.97633333,0.0,0.9975,0.0
fashionmnist,FedAS,64,phase2,0.97733333,0.0,0.9975,0.0
fashionmnist,FedAS,65,phase2,0.9765,0.0,0.9975,0.0
fashionmnist,FedAS,66,phase2,0.97566667,0.0,0.9975,0.0
fashionmnist,FedAS,67,phase2,0.97633333,0.0,0.9975,0.0
fashionmnist,FedAS,68,phase2,0.97533333,0.0,0.9975,0.0
fashionmnist,FedAS,69,phase2,0.9765,0.0,0.9975,0.0
fashionmnist,FedAS,70,phase2,0.97583333,0.0,0.9975,0.0
fashionmnist,FedAS,71,phase2,0.97533333,0.0,0.9975,0.0
fashionmnist,FedAS,72,phase2,0.97566667,0.0,0.9975,0.0
fashionmnist,FedAS,73,phase2,0.9775,0.0,0.9975,0.0
fashionmnist,FedAS,74,phase2,0.977,0.0,0.9975,0.0
fashionmnist,FedAS,75,phase2,0.97783333,0.0,0.9975,0.0
fashionmnist,FedAS,76,phase2,0.9785,0.0,0.9975,0.0
fashionmnist,FedAS,77,phase2,0.97733333,0.0,0.9975,0.0
fashionmnist,FedAS,78,phase2,0.979,0.0,0.9975,0.0
fashionmnist,FedAS,79,phase2,0.978,0.0,0.9975,0.0
fashionmnist,FedAS,80,phase2,0.9775,0.0,0.9975,0.0
fashionmnist,FedAS,81,phase2,0.9795,0.0,0.9975,0.0
fashionmnist,FedAS,82,phase2,0.97816667,0.0,0.998,0.0
fashionmnist,FedAS,83,phase2,0.9775,0.0,0.9975,0.0
fashionmnist,FedAS,84,phase2,0.979,0.0,0.9975,0.0
fashionmnist,FedAS,85,phase2,0.97766667,0.0,0.9975,0.0
fashionmnist,FedAS,86,phase2,0.97916667,0.0,0.9975,0.0
fashionmnist,FedAS,87,phase2,0.97916667,0.0,0.9975,0.0
fashionmnist,FedAS,88,phase2,0.9765,0.0,0.99775,0.0
fashionmnist,FedAS,89,phase2,0.97916667,0.0,0.9975,0.0
fashionmnist,FedAS,90,phase2,0.97816667,0.0,0.9975,0.0
fashionmnist,FedAS,91,phase2,0.97816667,0.0,0.99775,0.0
fashionmnist,FedAS,92,phase2,0.97866667,0.0,0.9975,0.0
fashionmnist,FedAS,93,phase2,0.9785,0.0,0.99775,0.0
fashionmnist,FedAS,94,phase2,0.9785,0.0,0.9975,0.0
fashionmnist,FedAS,95,phase2,0.97816667,0.0,0.99775,0.0
fashionmnist,FedAS,96,phase2,0.97883333,0.0,0.99775,0.0
fashionmnist,FedAS,97,phase2,0.97883333,0.0,0.99825,0.0
fashionmnist,FedAS,98,phase2,0.97833333,0.0,0.99775,0.0
fashionmnist,FedAS,99,phase2,0.978,0.0,0.9975,0.0
fashionmnist,FedAS,100,phase2,0.97833333,0.0,0.9975,0.0
fashionmnist,FedAvg,0,phase1,0.16666667,0.08333333,,
fashionmnist,FedAvg,1,phase1,0.16183333,0.16729167,,
fashionmnist,FedAvg,2,phase1,0.38183333,0.2585,,
fashionmnist,FedAvg,3,phase1,0.59466667,0.27829167,,
fashionmnist,FedAvg,4,phase1,0.68766667,0.274625,,
fashionmnist,FedAvg,5,phase1,0.74733333,0.27320833,,
fashionmnist,FedAvg,6,phase1,0.79,0.26870833,,
fashionmnist,FedAvg,7,phase1,0.8135,0.26833333,,
fashionmnist,FedAvg,8,phase1,0.8255,0.26704167,,
fashionmnist,FedAvg,9,phase1,0.836,0.26479167,,
fashionmnist,FedAvg,10,phase1,0.84683333,0.26391667,,
fashionmnist,FedAvg,11,phase1,0.85383333,0.26345833,,
fashionmnist,FedAvg,12,phase1,0.86516667,0.26208333,,
fashionmnist,FedAvg,13,phase1,0.87033333,0.2615,,
fashionmnist,FedAvg,14,phase1,0.87583333,0.26079167,,
fashionmnist,FedAvg,15,phase1,0.87866667,0.25970833,,
fashionmnist,FedAvg,16,phase1,0.8815,0.25879167,,
fashionmnist,FedAvg,17,phase1,0.88533333,0.257625,,
fashionmnist,FedAvg,18,phase1,0.8875,0.25741667,,
fashionmnist,FedAvg,19,phase1,0.89216667,0.255,,
fashionmnist,FedAvg,20,phase1,0.89333333,0.25325,,
fashionmnist,FedAvg,21,phase1,0.89983333,0.25233333,,
fashionmnist,FedAvg,22,phase1,0.90266667,0.251875,,
fashionmnist,FedAvg,23,phase1,0.90583333,0.251125,,
fashionmnist,FedAvg,24,phase1,0.907,0.24891667,,
fashionmnist,FedAvg,25,phase1,0.90833333,0.24679167,,
fashionmnist,FedAvg,26,phase1,0.91,0.245875,,
fashionmnist,FedAvg,27,phase1,0.913,0.24591667,,
fashionmnist,FedAvg,28,phase1,0.91166667,0.24404167,,
fashionmnist,FedAvg,29,phase1,0.91383333,0.241625,,
fashionmnist,FedAvg,30,phase1,0.91466667,0.24075,,
fashionmnist,FedAvg,31,phase1,0.916,0.24220833,,
fashionmnist,FedAvg,32,phase1,0.91916667,0.23941667,,
fashionmnist,FedAvg,33,phase1,0.91816667,0.23933333,,
fashionmnist,FedAvg,34,phase1,0.92166667,0.236,,
fashionmnist,FedAvg,35,phase1,0.92183333,0.23545833,,
fashionmnist,FedAvg,36,phase1,0.92483333,0.23695833,,
fashionmnist,FedAvg,37,phase1,0.92483333,0.23333333,,
fashionmnist,FedAvg,38,phase1,0.9265,0.231875,,
fashionmnist,FedAvg,39,phase1,0.93033333,0.23333333,,
fashionmnist,FedAvg,40,phase1,0.93133333,0.23191667,,
fashionmnist,FedAvg,41,phase1,0.9295,0.22808333,,
fashionmnist,FedAvg,42,phase1,0.93083333,0.226625,,
fashionmnist,FedAvg,43,phase1,0.9315,0.22654167,,
fashionmnist,FedAvg,44,phase1,0.93416667,0.22729167,,
fashionmnist,FedAvg,45,phase1,0.93533333,0.22570833,,
fashionmnist,FedAvg,46,phase1,0.93516667,0.22254167,,
fashionmnist,FedAvg,47,phase1,0.93483333,0.22129167,,
fashionmnist,FedAvg,48,phase1,0.9365,0.22008333,,
fashionmnist,FedAvg,49,phase1,0.938,0.22045833,,
fashionmnist,FedAvg,50,phase1,0.93966667,0.218375,,
fashionmnist,FedAvg,51,phase2,0.93966667,0.216125,0.0,0.22875
fashionmnist,FedAvg,52,phase2,0.897,0.156,0.0,0.2410625
fashionmnist,FedAvg,53,phase2,0.873,0.13854167,0.0,0.408125
fashionmnist,FedAvg,54,phase2,0.864,0.136375,0.01025,0.45575
fashionmnist,FedAvg,55,phase2,0.79466667,0.17295833,0.14975,0.4746875
fashionmnist,FedAvg,56,phase2,0.74483333,0.204875,0.29225,0.5025
fashionmnist,FedAvg,57,phase2,0.73383333,0.23129167,0.37825,0.51075
fashionmnist,FedAvg,58,phase2,0.7275,0.242625,0.42625,0.5115625
fashionmnist,FedAvg,59,phase2,0.73,0.25175,0.4565,0.510125
fashionmnist,FedAvg,60,phase2,0.72933333,0.25516667,0.48325,0.509375
fashionmnist,FedAvg,61,phase2,0.73233333,0.26620833,0.501,0.5114375
fashionmnist,FedAvg,62,phase2,0.7305,0.27295833,0.52425,0.5148125
fashionmnist,FedAvg,63,phase2,0.7335,0.279,0.539,0.515125
fashionmnist,FedAvg,64,phase2,0.73766667,0.28341667,0.55025,0.5201875
fashionmnist,FedAvg,65,phase2,0.737,0.28445833,0.5575,0.5179375
fashionmnist,FedAvg,66,phase2,0.73983333,0.28641667,0.57475,0.521625
fashionmnist,FedAvg,67,phase2,0.74383333,0.29025,0.583,0.52425
fashionmnist,FedAvg,68,phase2,0.745,0.29704167,0.58625,0.5284375
fashionmnist,FedAvg,69,phase2,0.75033333,0.29595833,0.6055,0.5219375
fashionmnist,FedAvg,70,phase2,0.7475,0.29495833,0.61425,0.5251875
fashionmnist,FedAvg,71,phase2,0.7505,0.30329167,0.62075,0.525875
fashionmnist,FedAvg,72,phase2,0.757,0.30666667,0.6245,0.5260625
fashionmnist,FedAvg,73,phase2,0.7565,0.30325,0.6315,0.5245625
fashionmnist,FedAvg,74,phase2,0.76033333,0.30516667,0.6355,0.52325
fashionmnist,FedAvg,75,phase2,0.7585,0.311375,0.64175,0.5249375
fashionmnist,FedAvg,76,phase2,0.76816667,0.31016667,0.64575,0.523
fashionmnist,FedAvg,77,phase2,0.76733333,0.30566667,0.64925,0.523
fashionmnist,FedAvg,78,phase2,0.76633333,0.30929167,0.654,0.5220625
fashionmnist,FedAvg,79,phase2,0.773,0.30645833,0.66225,0.5213125
fashionmnist,FedAvg,80,phase2,0.77516667,0.31104167,0.6655,0.5193125
fashionmnist,FedAvg,81,phase2,0.779,0.31025,0.67325,0.5206875
fashionmnist,FedAvg,82,phase2,0.78016667,0.3105,0.68,0.5173125
fashionmnist,FedAvg,83,phase2,0.78116667,0.31054167,0.6795,0.5121875
fashionmnist,FedAvg,84,phase2,0.78366667,0.31533333,0.6915,0.516625
fashionmnist,FedAvg,85,phase2,0.78283333,0.30933333,0.708,0.5125625
fashionmnist,FedAvg,86,phase2,0.78566667,0.3115,0.71775,0.514375
fashionmnist,FedAvg,87,phase2,0.786,0.31129167,0.72525,0.5120625
fashionmnist,FedAvg,88,phase2,0.78133333,0.31108333,0.73375,0.5116875
fashionmnist,FedAvg,89,phase2,0.78866667,0.313875,0.747,0.511875
fashionmnist,FedAvg,90,phase2,0.791,0.31116667,0.75925,0.5115
fashionmnist,FedAvg,91,phase2,0.79116667,0.310125,0.76225,0.508
fashionmnist,FedAvg,92,phase2,0.79183333,0.31066667,0.76625,0.5079375
fashionmnist,FedAvg,93,phase2,0.79316667,0.312125,0.78325,0.50575
fashionmnist,FedAvg,94,phase2,0.798,0.3115,0.7865,0.5078125
fashionmnist,FedAvg,95,phase2,0.79566667,0.31129167,0.79375,0.50775
fashionmnist,FedAvg,96,phase2,0.80316667,0.317,0.803,0.504375
fashionmnist,FedAvg,97,phase2,0.8015,0.31529167,0.804,0.50575
fashionmnist,FedAvg,98,phase2,0.80066667,0.31495833,0.8115,0.501125
fashionmnist,FedAvg,99,phase2,0.80116667,0.31433333,0.8195,0.4990625
fashionmnist,FedAvg,100,phase2,0.804,0.31520833,0.8255,0.50075
fashionmnist,FedBN,0,phase1,0.16666667,0.08333333,,
fashionmnist,FedBN,1,phase1,0.16233333,0.16716667,,
fashionmnist,FedBN,2,phase1,0.3865,0.256375,,
fashionmnist,FedBN,3,phase1,0.60733333,0.27641667,,
fashionmnist,FedBN,4,phase1,0.69716667,0.27191667,,
fashionmnist,FedBN,5,phase1,0.76216667,0.27095833,,
fashionmnist,FedBN,6,phase1,0.79933333,0.26579167,,
fashionmnist,FedBN,7,phase1,0.81833333,0.26570833,,
fashionmnist,FedBN,8,phase1,0.83333333,0.264375,,
fashionmnist,FedBN,9,phase1,0.84266667,0.26254167,,
fashionmnist,FedBN,10,phase1,0.85466667,0.262375,,
fashionmnist,FedBN,11,phase1,0.85966667,0.26166667,,
fashionmnist,FedBN,12,phase1,0.87016667,0.2605,,
fashionmnist,FedBN,13,phase1,0.87516667,0.25995833,,
fashionmnist,FedBN,14,phase1,0.881,0.25925,,
fashionmnist,FedBN,15,phase1,0.88366667,0.257375,,
fashionmnist,FedBN,16,phase1,0.887,0.256625,,
fashionmnist,FedBN,17,phase1,0.89066667,0.25529167,,
fashionmnist,FedBN,18,phase1,0.89383333,0.255,,
fashionmnist,FedBN,19,phase1,0.89866667,0.25258333,,
fashionmnist,FedBN,20,phase1,0.90166667,0.25054167,,
fashionmnist,FedBN,21,phase1,0.906,0.25033333,,
fashionmnist,FedBN,22,phase1,0.9095,0.24870833,,
fashionmnist,FedBN,23,phase1,0.91216667,0.24791667,,
fashionmnist,FedBN,24,phase1,0.91416667,0.24570833,,
fashionmnist,FedBN,25,phase1,0.91666667,0.24354167,,
fashionmnist,FedBN,26,phase1,0.9205,0.24279167,,
fashionmnist,FedBN,27,phase1,0.92166667,0.24216667,,
fashionmnist,FedBN,28,phase1,0.92283333,0.24008333,,
fashionmnist,FedBN,29,phase1,0.92333333,0.23729167,,
fashionmnist,FedBN,30,phase1,0.92633333,0.2375,,
fashionmnist,FedBN,31,phase1,0.92633333,0.2385,,
fashionmnist,FedBN,32,phase1,0.9285,0.23583333,,
fashionmnist,FedBN,33,phase1,0.92916667,0.235875,,
fashionmnist,FedBN,34,phase1,0.932,0.231125,,
fashionmnist,FedBN,35,phase1,0.932,0.23095833,,
fashionmnist,FedBN,36,phase1,0.93566667,0.232,,
fashionmnist,FedBN,37,phase1,0.93466667,0.22820833,,
fashionmnist,FedBN,38,phase1,0.93583333,0.22620833,,
fashionmnist,FedBN,39,phase1,0.9375,0.22716667,,
fashionmnist,FedBN,40,phase1,0.93833333,0.22595833,,
fashionmnist,FedBN,41,phase1,0.93833333,0.22233333,,
fashionmnist,FedBN,42,phase1,0.94016667,0.22045833,,
fashionmnist,FedBN,43,phase1,0.94,0.220375,,
fashionmnist,FedBN,44,phase1,0.941,0.221,,
fashionmnist,FedBN,45,phase1,0.942,0.21958333,,
fashionmnist,FedBN,46,phase1,0.94316667,0.21645833,,
fashionmnist,FedBN,47,phase1,0.94383333,0.21508333,,
fashionmnist,FedBN,48,phase1,0.9445,0.21325,,
fashionmnist,FedBN,49,phase1,0.94583333,0.21354167,,
fashionmnist,FedBN,50,phase1,0.94633333,0.21158333,,
fashionmnist,FedBN,51,phase2,0.94633333,0.20870833,0.0,0.22625
fashionmnist,FedBN,52,phase2,0.914,0.148375,0.0,0.2365625
fashionmnist,FedBN,53,phase2,0.89733333,0.12875,0.0,0.41075
fashionmnist,FedBN,54,phase2,0.884,0.12195833,0.0135,0.4559375
fashionmnist,FedBN,55,phase2,0.81416667,0.16333333,0.169,0.4810625
fashionmnist,FedBN,56,phase2,0.76016667,0.19058333,0.31925,0.510375
fashionmnist,FedBN,57,phase2,0.75,0.215375,0.3955,0.526625
fashionmnist,FedBN,58,phase2,0.74716667,0.229,0.4325,0.52675
fashionmnist,FedBN,59,phase2,0.749,0.23866667,0.4685,0.528375
fashionmnist,FedBN,60,phase2,0.749,0.24291667,0.49575,0.529125
fashionmnist,FedBN,61,phase2,0.75116667,0.255875,0.50875,0.53375
fashionmnist,FedBN,62,phase2,0.7545,0.26333333,0.53425,0.5359375
fashionmnist,FedBN,63,phase2,0.75483333,0.26779167,0.54825,0.538375
fashionmnist,FedBN,64,phase2,0.76366667,0.27375,0.558,0.5445
fashionmnist,FedBN,65,phase2,0.76266667,0.27183333,0.56925,0.5395625
fashionmnist,FedBN,66,phase2,0.76766667,0.277,0.5865,0.5401875
fashionmnist,FedBN,67,phase2,0.7755,0.27991667,0.59425,0.5430625
fashionmnist,FedBN,68,phase2,0.77816667,0.287875,0.602,0.543375
fashionmnist,FedBN,69,phase2,0.77983333,0.284375,0.61,0.5383125
fashionmnist,FedBN,70,phase2,0.78516667,0.28366667,0.617,0.5370625
fashionmnist,FedBN,71,phase2,0.793,0.29283333,0.62975,0.53925
fashionmnist,FedBN,72,phase2,0.79783333,0.294,0.63725,0.54025
fashionmnist,FedBN,73,phase2,0.79766667,0.29154167,0.654,0.537625
fashionmnist,FedBN,74,phase2,0.8035,0.29333333,0.656,0.5388125
fashionmnist,FedBN,75,phase2,0.80116667,0.29745833,0.67025,0.5363125
fashionmnist,FedBN,76,phase2,0.80783333,0.29683333,0.66725,0.5365625
fashionmnist,FedBN,77,phase2,0.80883333,0.29166667,0.68625,0.5339375
fashionmnist,FedBN,78,phase2,0.81216667,0.29654167,0.69325,0.5319375
fashionmnist,FedBN,79,phase2,0.8155,0.29404167,0.70625,0.5260625
fashionmnist,FedBN,80,phase2,0.822,0.298375,0.722,0.527125
fashionmnist,FedBN,81,phase2,0.826,0.29666667,0.7475,0.5226875
fashionmnist,FedBN,82,phase2,0.82366667,0.29458333,0.7495,0.5198125
fashionmnist,FedBN,83,phase2,0.826,0.29554167,0.7565,0.517
fashionmnist,FedBN,84,phase2,0.83016667,0.29925,0.77725,0.521625
fashionmnist,FedBN,85,phase2,0.82883333,0.29445833,0.791,0.510125
fashionmnist,FedBN,86,phase2,0.83266667,0.29670833,0.792,0.513625
fashionmnist,FedBN,87,phase2,0.8325,0.29454167,0.8045,0.5066875
fashionmnist,FedBN,88,phase2,0.836,0.29579167,0.811,0.5065625
fashionmnist,FedBN,89,phase2,0.837,0.29770833,0.82575,0.5014375
fashionmnist,FedBN,90,phase2,0.84216667,0.29479167,0.83175,0.5020625
fashionmnist,FedBN,91,phase2,0.8405,0.29295833,0.83825,0.4969375
fashionmnist,FedBN,92,phase2,0.84316667,0.29420833,0.84225,0.4978125
fashionmnist,FedBN,93,phase2,0.84533333,0.29416667,0.849,0.4925
fashionmnist,FedBN,94,phase2,0.84833333,0.294,0.85525,0.4880625
fashionmnist,FedBN,95,phase2,0.84616667,0.29379167,0.85775,0.4913125
fashionmnist,FedBN,96,phase2,0.85583333,0.29625,0.8695,0.48675
fashionmnist,FedBN,97,phase2,0.852,0.29508333,0.87075,0.4869375
fashionmnist,FedBN,98,phase2,0.85616667,0.29520833,0.876,0.4830625
fashionmnist,FedBN,99,phase2,0.85616667,0.293875,0.878,0.4781875
fashionmnist,FedBN,100,phase2,0.86466667,0.29554167,0.88475,0.478
fashionmnist,FedCP,0,phase1,0.16666667,0.08333333,,
fashionmnist,FedCP,1,phase1,0.42266667,0.08245833,,
fashionmnist,FedCP,2,phase1,0.83833333,0.007125,,
fashionmnist,FedCP,3,phase1,0.92633333,0.0,,
fashionmnist,FedCP,4,phase1,0.93633333,0.0,,
fashionmnist,FedCP,5,phase1,0.94283333,0.0,,
fashionmnist,FedCP,6,phase1,0.94783333,0.0,,
fashionmnist,FedCP,7,phase1,0.95216667,0.0,,
fashionmnist,FedCP,8,phase1,0.95483333,0.0,,
fashionmnist,FedCP,9,phase1,0.9565,0.0,,
fashionmnist,FedCP,10,phase1,0.9585,0.0,,
fashionmnist,FedCP,11,phase1,0.9585,0.0,,
fashionmnist,FedCP,12,phase1,0.95933333,0.0,,
fashionmnist,FedCP,13,phase1,0.9605,0.0,,
fashionmnist,FedCP,14,phase1,0.96083333,0.0,,
fashionmnist,FedCP,15,phase1,0.9605,0.0,,
fashionmnist,FedCP,16,phase1,0.9625,0.0,,
fashionmnist,FedCP,17,phase1,0.9625,0.0,,
fashionmnist,FedCP,18,phase1,0.965,0.0,,
fashionmnist,FedCP,19,phase1,0.96533333,0.0,,
fashionmnist,FedCP,20,phase1,0.96566667,0.0,,
fashionmnist,FedCP,21,phase1,0.96633333,0.0,,
fashionmnist,FedCP,22,phase1,0.9675,0.0,,
fashionmnist,FedCP,23,phase1,0.96666667,0.0,,
fashionmnist,FedCP,24,phase1,0.9675,0.0,,
fashionmnist,FedCP,25,phase1,0.968,0.0,,
fashionmnist,FedCP,26,phase1,0.96816667,0.0,,
fashionmnist,FedCP,27,phase1,0.96766667,0.0,,
fashionmnist,FedCP,28,phase1,0.96833333,0.0,,
fashionmnist,FedCP,29,phase1,0.968,0.0,,
fashionmnist,FedCP,30,phase1,0.9685,0.0,,
fashionmnist,FedCP,31,phase1,0.96816667,0.0,,
fashionmnist,FedCP,32,phase1,0.96816667,0.0,,
fashionmnist,FedCP,33,phase1,0.96916667,0.0,,
fashionmnist,FedCP,34,phase1,0.96866667,0.0,,
fashionmnist,FedCP,35,phase1,0.968,0.0,,
fashionmnist,FedCP,36,phase1,0.96833333,0.0,,
fashionmnist,FedCP,37,phase1,0.969,0.0,,
fashionmnist,FedCP,38,phase1,0.96916667,0.0,,
fashionmnist,FedCP,39,phase1,0.96966667,0.0,,
fashionmnist,FedCP,40,phase1,0.97066667,0.0,,
fashionmnist,FedCP,41,phase1,0.96983333,0.0,,
fashionmnist,FedCP,42,phase1,0.97033333,0.0,,
fashionmnist,FedCP,43,phase1,0.96983333,0.0,,
fashionmnist,FedCP,44,phase1,0.97166667,0.0,,
fashionmnist,FedCP,45,phase1,0.97066667,0.0,,
fashionmnist,FedCP,46,phase1,0.97183333,0.0,,
fashionmnist,FedCP,47,phase1,0.9715,0.0,,
fashionmnist,FedCP,48,phase1,0.9715,0.0,,
fashionmnist,FedCP,49,phase1,0.97216667,0.0,,
fashionmnist,FedCP,50,phase1,0.97233333,0.0,,
fashionmnist,FedCP,51,phase2,0.97183333,0.0,0.0,0.125
fashionmnist,FedCP,52,phase2,0.973,0.0,0.6125,0.0485
fashionmnist,FedCP,53,phase2,0.97366667,0.0,0.95175,0.0
fashionmnist,FedCP,54,phase2,0.9745,0.0,0.984,0.0
fashionmnist,FedCP,55,phase2,0.97416667,0.0,0.9905,0.0
fashionmnist,FedCP,56,phase2,0.97266667,0.0,0.993,0.0
fashionmnist,FedCP,57,phase2,0.97333333,0.0,0.994,0.0
fashionmnist,FedCP,58,phase2,0.973,0.0,0.9945,0.0
fashionmnist,FedCP,59,phase2,0.97366667,0.0,0.99475,0.0
fashionmnist,FedCP,60,phase2,0.97333333,0.0,0.9945,0.0
fashionmnist,FedCP,61,phase2,0.9735,0.0,0.9945,0.0
fashionmnist,FedCP,62,phase2,0.97316667,0.0,0.99525,0.0
fashionmnist,FedCP,63,phase2,0.97366667,0.0,0.996,0.0
fashionmnist,FedCP,64,phase2,0.9735,0.0,0.99575,0.0
fashionmnist,FedCP,65,phase2,0.9735,0.0,0.9955,0.0
fashionmnist,FedCP,66,phase2,0.97366667,0.0,0.997,0.0
fashionmnist,FedCP,67,phase2,0.97383333,0.0,0.9965,0.0
fashionmnist,FedCP,68,phase2,0.973,0.0,0.997,0.0
fashionmnist,FedCP,69,phase2,0.9745,0.0,0.99675,0.0
fashionmnist,FedCP,70,phase2,0.97383333,0.0,0.997,0.0
fashionmnist,FedCP,71,phase2,0.97316667,0.0,0.997,0.0
fashionmnist,FedCP,72,phase2,0.974,0.0,0.99725,0.0
fashionmnist,FedCP,73,phase2,0.974,0.0,0.99725,0.0
fashionmnist,FedCP,74,phase2,0.97333333,0.0,0.997,0.0
fashionmnist,FedCP,75,phase2,0.97416667,0.0,0.99725,0.0
fashionmnist,FedCP,76,phase2,0.9745,0.0,0.99725,0.0
fashionmnist,FedCP,77,phase2,0.97383333,0.0,0.997,0.0
fashionmnist,FedCP,78,phase2,0.974,0.0,0.997,0.0
fashionmnist,FedCP,79,phase2,0.97416667,0.0,0.99675,0.0
fashionmnist,FedCP,80,phase2,0.97466667,0.0,0.9965,0.0
fashionmnist,FedCP,81,phase2,0.97416667,0.0,0.99725,0.0
fashionmnist,FedCP,82,phase2,0.97433333,0.0,0.99675,0.0
fashionmnist,FedCP,83,phase2,0.97433333,0.0,0.9965,0.0
fashionmnist,FedCP,84,phase2,0.9745,0.0,0.99725,0.0
fashionmnist,FedCP,85,phase2,0.9745,0.0,0.997,0.0
fashionmnist,FedCP,86,phase2,0.97466667,0.0,0.99675,0.0
fashionmnist,FedCP,87,phase2,0.97466667,0.0,0.99625,0.0
fashionmnist,FedCP,88,phase2,0.9745,0.0,0.9965,0.0
fashionmnist,FedCP,89,phase2,0.97483333,0.0,0.99625,0.0
fashionmnist,FedCP,90,phase2,0.9745,0.0,0.99675,0.0
fashionmnist,FedCP,91,phase2,0.9745,0.0,0.99675,0.0
fashionmnist,FedCP,92,phase2,0.97533333,0.0,0.9965,0.0
fashionmnist,FedCP,93,phase2,0.97516667,0.0,0.9965,0.0
fashionmnist,FedCP,94,phase2,0.97433333,0.0,0.99675,0.0
fashionmnist,FedCP,95,phase2,0.97516667,0.0,0.9975,0.0
fashionmnist,FedCP,96,phase2,0.9755,0.0,0.99625,0.0
fashionmnist,FedCP,97,phase2,0.97533333,0.0,0.9965,0.0
fashionmnist,FedCP,98,phase2,0.97533333,0.0,0.9965,0.0
fashionmnist,FedCP,99,phase2,0.97383333,0.0,0.996,0.0
fashionmnist,FedCP,100,phase2,0.97533333,0.0,0.9965,0.0
fashionmnist,FedCross,0,phase1,0.16666667,0.08333333,,
fashionmnist,FedCross,1,phase1,0.86783333,0.0,,
fashionmnist,FedCross,2,phase1,0.94516667,0.0,,
fashionmnist,FedCross,3,phase1,0.95366667,0.0,,
fashionmnist,FedCross,4,phase1,0.95666667,0.0,,
fashionmnist,FedCross,5,phase1,0.95983333,0.0,,
fashionmnist,FedCross,6,phase1,0.96016667,0.0,,
fashionmnist,FedCross,7,phase1,0.96233333,0.0,,
fashionmnist,FedCross,8,phase1,0.964,0.0,,
fashionmnist,FedCross,9,phase1,0.96533333,0.0,,
fashionmnist,FedCross,10,phase1,0.96616667,0.0,,
fashionmnist,FedCross,11,phase1,0.96766667,0.0,,
fashionmnist,FedCross,12,phase1,0.96816667,0.0,,
fashionmnist,FedCross,13,phase1,0.96766667,0.0,,
fashionmnist,FedCross,14,phase1,0.96816667,0.0,,
fashionmnist,FedCross,15,phase1,0.969,0.0,,
fashionmnist,FedCross,16,phase1,0.96933333,0.0,,
fashionmnist,FedCross,17,phase1,0.96966667,0.0,,
fashionmnist,FedCross,18,phase1,0.97116667,0.0,,
fashionmnist,FedCross,19,phase1,0.97066667,0.0,,
fashionmnist,FedCross,20,phase1,0.971,0.0,,
fashionmnist,FedCross,21,phase1,0.971,0.0,,
fashionmnist,FedCross,22,phase1,0.97116667,0.0,,
fashionmnist,FedCross,23,phase1,0.972,0.0,,
fashionmnist,FedCross,24,phase1,0.97133333,0.0,,
fashionmnist,FedCross,25,phase1,0.9725,0.0,,
fashionmnist,FedCross,26,phase1,0.97233333,0.0,,
fashionmnist,FedCross,27,phase1,0.9725,0.0,,
fashionmnist,FedCross,28,phase1,0.9725,0.0,,
fashionmnist,FedCross,29,phase1,0.97283333,0.0,,
fashionmnist,FedCross,30,phase1,0.9735,0.0,,
fashionmnist,FedCross,31,phase1,0.973,0.0,,
fashionmnist,FedCross,32,phase1,0.97316667,0.0,,
fashionmnist,FedCross,33,phase1,0.97383333,0.0,,
fashionmnist,FedCross,34,phase1,0.9735,0.0,,
fashionmnist,FedCross,35,phase1,0.9725,0.0,,
fashionmnist,FedCross,36,phase1,0.9735,0.0,,
fashionmnist,FedCross,37,phase1,0.97366667,0.0,,
fashionmnist,FedCross,38,phase1,0.97416667,0.0,,
fashionmnist,FedCross,39,phase1,0.974,0.0,,
fashionmnist,FedCross,40,phase1,0.97383333,0.0,,
fashionmnist,FedCross,41,phase1,0.97383333,0.0,,
fashionmnist,FedCross,42,phase1,0.97366667,0.0,,
fashionmnist,FedCross,43,phase1,0.9745,0.0,,
fashionmnist,FedCross,44,phase1,0.97433333,0.0,,
fashionmnist,FedCross,45,phase1,0.97533333,0.0,,
fashionmnist,FedCross,46,phase1,0.97283333,0.0,,
fashionmnist,FedCross,47,phase1,0.97433333,0.0,,
fashionmnist,FedCross,48,phase1,0.9745,0.0,,
fashionmnist,FedCross,49,phase1,0.97433333,0.0,,
fashionmnist,FedCross,50,phase1,0.974,0.0,,
fashionmnist,FedCross,51,phase2,0.97383333,0.0,0.0,0.125
fashionmnist,FedCross,52,phase2,0.97466667,0.0,0.907,0.0
fashionmnist,FedCross,53,phase2,0.97433333,0.0,0.987,0.0
fashionmnist,FedCross,54,phase2,0.97433333,0.0,0.99575,0.0
fashionmnist,FedCross,55,phase2,0.97466667,0.0,0.99725,0.0
fashionmnist,FedCross,56,phase2,0.97466667,0.0,0.9975,0.0
fashionmnist,FedCross,57,phase2,0.97416667,0.0,0.9975,0.0
fashionmnist,FedCross,58,phase2,0.97516667,0.0,0.9975,0.0
fashionmnist,FedCross,59,phase2,0.97516667,0.0,0.9975,0.0
fashionmnist,FedCross,60,phase2,0.97516667,0.0,0.9975,0.0
fashionmnist,FedCross,61,phase2,0.975,0.0,0.9975,0.0
fashionmnist,FedCross,62,phase2,0.97483333,0.0,0.9975,0.0
fashionmnist,FedCross,63,phase2,0.975,0.0,0.9975,0.0
fashionmnist,FedCross,64,phase2,0.9745,0.0,0.9975,0.0
fashionmnist,FedCross,65,phase2,0.975,0.0,0.9975,0.0
fashionmnist,FedCross,66,phase2,0.97183333,0.0,0.9975,0.0
fashionmnist,FedCross,67,phase2,0.97533333,0.0,0.9975,0.0
fashionmnist,FedCross,68,phase2,0.97466667,0.0,0.9975,0.0
fashionmnist,FedCross,69,phase2,0.976,0.0,0.9975,0.0
fashionmnist,FedCross,70,phase2,0.97366667,0.0,0.9975,0.0
fashionmnist,FedCross,71,phase2,0.97416667,0.0,0.9975,0.0
fashionmnist,FedCross,72,phase2,0.97583333,0.0,0.9975,0.0
fashionmnist,FedCross,73,phase2,0.97533333,0.0,0.9975,0.0
fashionmnist,FedCross,74,phase2,0.97533333,0.0,0.9975,0.0
fashionmnist,FedCross,75,phase2,0.97583333,0.0,0.9975,0.0
fashionmnist,FedCross,76,phase2,0.97566667,0.0,0.998,0.0
fashionmnist,FedCross,77,phase2,0.97483333,0.0,0.9975,0.0
fashionmnist,FedCross,78,phase2,0.9755,0.0,0.99775,0.0
fashionmnist,FedCross,79,phase2,0.97533333,0.0,0.9975,0.0
fashionmnist,FedCross,80,phase2,0.97616667,0.0,0.9975,0.0
fashionmnist,FedCross,81,phase2,0.97566667,0.0,0.99775,0.0
fashionmnist,FedCross,82,phase2,0.9765,0.0,0.99775,0.0
fashionmnist,FedCross,83,phase2,0.97633333,0.0,0.998,0.0
fashionmnist,FedCross,84,phase2,0.976,0.0,0.99775,0.0
fashionmnist,FedCross,85,phase2,0.97433333,0.0,0.998,0.0
fashionmnist,FedCross,86,phase2,0.97516667,0.0,0.998,0.0
fashionmnist,FedCross,87,phase2,0.97533333,0.0,0.998,0.0
fashionmnist,FedCross,88,phase2,0.97483333,0.0,0.998,0.0
fashionmnist,FedCross,89,phase2,0.97533333,0.0,0.998,0.0
fashionmnist,FedCross,90,phase2,0.97566667,0.0,0.99825,0.0
fashionmnist,FedCross,91,phase2,0.97583333,0.0,0.99775,0.0
fashionmnist,FedCross,92,phase2,0.97716667,0.0,0.998,0.0
fashionmnist,FedCross,93,phase2,0.975,0.0,0.99825,0.0
fashionmnist,FedCross,94,phase2,0.9755,0.0,0.99825,0.0
fashionmnist,FedCross,95,phase2,0.97616667,0.0,0.99775,0.0
fashionmnist,FedCross,96,phase2,0.97483333,0.0,0.99825,0.0
fashionmnist,FedCross,97,phase2,0.975,0.0,0.998,0.0
fashionmnist,FedCross,98,phase2,0.976,0.0,0.998,0.0
fashionmnist,FedCross,99,phase2,0.97533333,0.0,0.998,0.0
fashionmnist,FedCross,100,phase2,0.97533333,0.0,0.99825,0.0
fashionmnist,FedDST,0,phase1,0.16666667,0.08333333,,
fashionmnist,FedDST,1,phase1,0.16666667,0.08333333,,
fashionmnist,FedDST,2,phase1,0.16666667,0.08333333,,
fashionmnist,FedDST,3,phase1,0.16666667,0.08333333,,
fashionmnist,FedDST,4,phase1,0.16666667,0.08333333,,
fashionmnist,FedDST,5,phase1,0.16666667,0.08333333,,
fashionmnist,FedDST,6,phase1,0.16666667,0.08333333,,
fashionmnist,FedDST,7,phase1,0.16666667,0.08333333,,
fashionmnist,FedDST,8,phase1,0.16666667,0.08333333,,
fashionmnist,FedDST,9,phase1,0.16666667,0.08333333,,
fashionmnist,FedDST,10,phase1,0.16666667,0.08333333,,
fashionmnist,FedDST,11,phase1,0.16666667,0.08333333,,
fashionmnist,FedDST,12,phase1,0.16666667,0.08333333,,
fashionmnist,FedDST,13,phase1,0.16666667,0.08333333,,
fashionmnist,FedDST,14,phase1,0.16666667,0.08333333,,
fashionmnist,FedDST,15,phase1,0.16666667,0.08333333,,
fashionmnist,FedDST,16,phase1,0.16666667,0.08333333,,
fashionmnist,FedDST,17,phase1,0.16666667,0.08333333,,
fashionmnist,FedDST,18,phase1,0.16666667,0.08333333,,
fashionmnist,FedDST,19,phase1,0.16666667,0.08333333,,
fashionmnist,FedDST,20,phase1,0.16666667,0.08333333,,
fashionmnist,FedDST,21,phase1,0.16666667,0.08333333,,
fashionmnist,FedDST,22,phase1,0.16666667,0.08333333,,
fashionmnist,FedDST,23,phase1,0.16666667,0.08333333,,
fashionmnist,FedDST,24,phase1,0.16666667,0.08333333,,
fashionmnist,FedDST,25,phase1,0.16666667,0.08333333,,
fashionmnist,FedDST,26,phase1,0.16666667,0.08333333,,
fashionmnist,FedDST,27,phase1,0.16666667,0.08333333,,
fashionmnist,FedDST,28,phase1,0.16666667,0.08333333,,
fashionmnist,FedDST,29,phase1,0.16666667,0.08333333,,
fashionmnist,FedDST,30,phase1,0.17,0.085,,
fashionmnist,FedDST,31,phase1,0.17166667,0.08583333,,
fashionmnist,FedDST,32,phase1,0.17166667,0.08583333,,
fashionmnist,FedDST,33,phase1,0.17833333,0.08916667,,
fashionmnist,FedDST,34,phase1,0.18166667,0.09083333,,
fashionmnist,FedDST,35,phase1,0.19333333,0.09666667,,
fashionmnist,FedDST,36,phase1,0.20166667,0.10083333,,
fashionmnist,FedDST,37,phase1,0.21666667,0.10833333,,
fashionmnist,FedDST,38,phase1,0.21666667,0.10833333,,
fashionmnist,FedDST,39,phase1,0.21666667,0.10833333,,
fashionmnist,FedDST,40,phase1,0.21666667,0.10833333,,
fashionmnist,FedDST,41,phase1,0.22333333,0.11166667,,
fashionmnist,FedDST,42,phase1,0.22833333,0.11416667,,
fashionmnist,FedDST,43,phase1,0.23833333,0.11916667,,
fashionmnist,FedDST,44,phase1,0.23666667,0.11833333,,
fashionmnist,FedDST,45,phase1,0.25333333,0.12666667,,
fashionmnist,FedDST,46,phase1,0.25333333,0.12666667,,
fashionmnist,FedDST,47,phase1,0.265,0.1325,,
fashionmnist,FedDST,48,phase1,0.26666667,0.13333333,,
fashionmnist,FedDST,49,phase1,0.27833333,0.13916667,,
fashionmnist,FedDST,50,phase1,0.285,0.1425,,
fashionmnist,FedDST,51,phase2,0.28,0.14,0.0,0.21
fashionmnist,FedDST,52,phase2,0.27833333,0.13916667,0.0,0.20875
fashionmnist,FedDST,53,phase2,0.26166667,0.13083333,0.0,0.19625
fashionmnist,FedDST,54,phase2,0.26333333,0.13166667,0.0,0.1975
fashionmnist,FedDST,55,phase2,0.26333333,0.13166667,0.0,0.1975
fashionmnist,FedDST,56,phase2,0.26333333,0.13166667,0.0,0.1975
fashionmnist,FedDST,57,phase2,0.26333333,0.13166667,0.0,0.1975
fashionmnist,FedDST,58,phase2,0.26,0.13,0.0,0.195
fashionmnist,FedDST,59,phase2,0.25833333,0.12916667,0.0,0.19375
fashionmnist,FedDST,60,phase2,0.25666667,0.12833333,0.0,0.1925
fashionmnist,FedDST,61,phase2,0.25666667,0.12833333,0.0,0.1925
fashionmnist,FedDST,62,phase2,0.26,0.13,0.0,0.195
fashionmnist,FedDST,63,phase2,0.25833333,0.12916667,0.0,0.19375
fashionmnist,FedDST,64,phase2,0.25666667,0.12833333,0.0,0.1925
fashionmnist,FedDST,65,phase2,0.25833333,0.12916667,0.0,0.19375
fashionmnist,FedDST,66,phase2,0.26166667,0.13083333,0.0,0.19625
fashionmnist,FedDST,67,phase2,0.25833333,0.12916667,0.0,0.19375
fashionmnist,FedDST,68,phase2,0.255,0.1275,0.0,0.19125
fashionmnist,FedDST,69,phase2,0.25833333,0.12916667,0.0,0.19375
fashionmnist,FedDST,70,phase2,0.25666667,0.12833333,0.0,0.1925
fashionmnist,FedDST,71,phase2,0.25333333,0.12666667,0.0,0.19
fashionmnist,FedDST,72,phase2,0.25666667,0.12833333,0.0,0.1925
fashionmnist,FedDST,73,phase2,0.25666667,0.12833333,0.0,0.1925
fashionmnist,FedDST,74,phase2,0.26,0.13,0.0,0.195
fashionmnist,FedDST,75,phase2,0.26,0.13,0.0,0.195
fashionmnist,FedDST,76,phase2,0.26,0.13,0.0,0.195
fashionmnist,FedDST,77,phase2,0.26,0.13,0.0,0.195
fashionmnist,FedDST,78,phase2,0.26,0.13,0.0,0.195
fashionmnist,FedDST,79,phase2,0.26,0.13,0.0,0.195
fashionmnist,FedDST,80,phase2,0.26,0.13,0.0,0.195
fashionmnist,FedDST,81,phase2,0.26166667,0.13083333,0.0,0.19625
fashionmnist,FedDST,82,phase2,0.26166667,0.13083333,0.0,0.19625
fashionmnist,FedDST,83,phase2,0.26166667,0.13083333,0.0,0.19625
fashionmnist,FedDST,84,phase2,0.26166667,0.13083333,0.0,0.19625
fashionmnist,FedDST,85,phase2,0.26166667,0.13083333,0.0,0.19625
fashionmnist,FedDST,86,phase2,0.26,0.13,0.0,0.195
fashionmnist,FedDST,87,phase2,0.26166667,0.13083333,0.0,0.19625
fashionmnist,FedDST,88,phase2,0.26166667,0.13083333,0.0,0.19625
fashionmnist,FedDST,89,phase2,0.26166667,0.13083333,0.0,0.19625
fashionmnist,FedDST,90,phase2,0.26166667,0.13083333,0.0,0.19625
fashionmnist,FedDST,91,phase2,0.26333333,0.13166667,0.0,0.1975
fashionmnist,FedDST,92,phase2,0.26166667,0.13083333,0.0,0.19625
fashionmnist,FedDST,93,phase2,0.26,0.13,0.0,0.195
fashionmnist,FedDST,94,phase2,0.25833333,0.12916667,0.0,0.19375
fashionmnist,FedDST,95,phase2,0.26,0.13,0.0,0.195
fashionmnist,FedDST,96,phase2,0.25833333,0.12916667,0.0,0.19375
fashionmnist,FedDST,97,phase2,0.25833333,0.12916667,0.0,0.19375
fashionmnist,FedDST,98,phase2,0.25666667,0.12833333,0.0,0.1925
fashionmnist,FedDST,99,phase2,0.25833333,0.12916667,0.0,0.19375
fashionmnist,FedDST,100,phase2,0.25666667,0.12833333,0.0,0.1925
fashionmnist,FedProx,0,phase1,0.16666667,0.08333333,,
fashionmnist,FedProx,1,phase1,0.1625,0.16666667,,
fashionmnist,FedProx,2,phase1,0.38066667,0.25533333,,
fashionmnist,FedProx,3,phase1,0.58683333,0.27854167,,
fashionmnist,FedProx,4,phase1,0.68416667,0.27516667,,
fashionmnist,FedProx,5,phase1,0.74266667,0.273375,,
fashionmnist,FedProx,6,phase1,0.78666667,0.26966667,,
fashionmnist,FedProx,7,phase1,0.81016667,0.26891667,,
fashionmnist,FedProx,8,phase1,0.824,0.26804167,,
fashionmnist,FedProx,9,phase1,0.835,0.2655,,
fashionmnist,FedProx,10,phase1,0.84516667,0.26475,,
fashionmnist,FedProx,11,phase1,0.85233333,0.2635,,
fashionmnist,FedProx,12,phase1,0.86283333,0.26275,,
fashionmnist,FedProx,13,phase1,0.86916667,0.262375,,
fashionmnist,FedProx,14,phase1,0.87433333,0.261125,,
fashionmnist,FedProx,15,phase1,0.87866667,0.26045833,,
fashionmnist,FedProx,16,phase1,0.87966667,0.25991667,,
fashionmnist,FedProx,17,phase1,0.88416667,0.25916667,,
fashionmnist,FedProx,18,phase1,0.886,0.25875,,
fashionmnist,FedProx,19,phase1,0.88933333,0.25670833,,
fashionmnist,FedProx,20,phase1,0.8915,0.25516667,,
fashionmnist,FedProx,21,phase1,0.89783333,0.25358333,,
fashionmnist,FedProx,22,phase1,0.89933333,0.25275,,
fashionmnist,FedProx,23,phase1,0.9045,0.25283333,,
fashionmnist,FedProx,24,phase1,0.905,0.25125,,
fashionmnist,FedProx,25,phase1,0.908,0.24895833,,
fashionmnist,FedProx,26,phase1,0.91033333,0.24758333,,
fashionmnist,FedProx,27,phase1,0.91116667,0.248,,
fashionmnist,FedProx,28,phase1,0.91216667,0.24575,,
fashionmnist,FedProx,29,phase1,0.91333333,0.24370833,,
fashionmnist,FedProx,30,phase1,0.915,0.24270833,,
fashionmnist,FedProx,31,phase1,0.91483333,0.243625,,
fashionmnist,FedProx,32,phase1,0.91833333,0.24145833,,
fashionmnist,FedProx,33,phase1,0.91683333,0.241,,
fashionmnist,FedProx,34,phase1,0.921,0.237625,,
fashionmnist,FedProx,35,phase1,0.92116667,0.23716667,,
fashionmnist,FedProx,36,phase1,0.9235,0.23841667,,
fashionmnist,FedProx,37,phase1,0.92383333,0.23525,,
fashionmnist,FedProx,38,phase1,0.92566667,0.23383333,,
fashionmnist,FedProx,39,phase1,0.92866667,0.2355,,
fashionmnist,FedProx,40,phase1,0.93,0.23416667,,
fashionmnist,FedProx,41,phase1,0.92816667,0.23104167,,
fashionmnist,FedProx,42,phase1,0.93,0.22916667,,
fashionmnist,FedProx,43,phase1,0.93033333,0.22908333,,
fashionmnist,FedProx,44,phase1,0.9335,0.23008333,,
fashionmnist,FedProx,45,phase1,0.93416667,0.228625,,
fashionmnist,FedProx,46,phase1,0.93333333,0.225375,,
fashionmnist,FedProx,47,phase1,0.93366667,0.224375,,
fashionmnist,FedProx,48,phase1,0.936,0.22320833,,
fashionmnist,FedProx,49,phase1,0.93733333,0.22241667,,
fashionmnist,FedProx,50,phase1,0.938,0.221625,,
fashionmnist,FedProx,51,phase2,0.93883333,0.21916667,0.0,0.22625
fashionmnist,FedProx,52,phase2,0.90033333,0.16675,0.0,0.2486875
fashionmnist,FedProx,53,phase2,0.879,0.14820833,0.0,0.4064375
fashionmnist,FedProx,54,phase2,0.87166667,0.141,0.00525,0.45475
fashionmnist,FedProx,55,phase2,0.822,0.174875,0.11425,0.4690625
fashionmnist,FedProx,56,phase2,0.75666667,0.20625,0.26825,0.498375
fashionmnist,FedProx,57,phase2,0.74,0.23154167,0.3635,0.5098125
fashionmnist,FedProx,58,phase2,0.73283333,0.24704167,0.41875,0.511625
fashionmnist,FedProx,59,phase2,0.7345,0.256625,0.44775,0.5106875
fashionmnist,FedProx,60,phase2,0.73283333,0.261,0.47575,0.5103125
fashionmnist,FedProx,61,phase2,0.735,0.271875,0.49775,0.510375
fashionmnist,FedProx,62,phase2,0.73466667,0.27816667,0.5215,0.5126875
fashionmnist,FedProx,63,phase2,0.73666667,0.28454167,0.535,0.5145
fashionmnist,FedProx,64,phase2,0.74066667,0.28816667,0.54775,0.518375
fashionmnist,FedProx,65,phase2,0.73983333,0.28904167,0.5545,0.51675
fashionmnist,FedProx,66,phase2,0.74216667,0.29095833,0.57075,0.520625
fashionmnist,FedProx,67,phase2,0.74533333,0.29470833,0.578,0.5230625
fashionmnist,FedProx,68,phase2,0.74733333,0.302625,0.5825,0.52775
fashionmnist,FedProx,69,phase2,0.75083333,0.30154167,0.59825,0.5218125
fashionmnist,FedProx,70,phase2,0.74833333,0.29970833,0.608,0.5245625
fashionmnist,FedProx,71,phase2,0.75233333,0.30766667,0.61375,0.5255625
fashionmnist,FedProx,72,phase2,0.75766667,0.31179167,0.618,0.5253125
fashionmnist,FedProx,73,phase2,0.7585,0.308375,0.626,0.5229375
fashionmnist,FedProx,74,phase2,0.76116667,0.31054167,0.632,0.521
fashionmnist,FedProx,75,phase2,0.76016667,0.31604167,0.63475,0.5233125
fashionmnist,FedProx,76,phase2,0.77066667,0.31504167,0.6415,0.520625
fashionmnist,FedProx,77,phase2,0.769,0.31029167,0.64475,0.5210625
fashionmnist,FedProx,78,phase2,0.76783333,0.31416667,0.65025,0.5205
fashionmnist,FedProx,79,phase2,0.773,0.31145833,0.65575,0.51925
fashionmnist,FedProx,80,phase2,0.77566667,0.315875,0.65975,0.5178125
fashionmnist,FedProx,81,phase2,0.77983333,0.31516667,0.66675,0.519875
fashionmnist,FedProx,82,phase2,0.7815,0.31516667,0.674,0.5166875
fashionmnist,FedProx,83,phase2,0.782,0.31516667,0.6755,0.5110625
fashionmnist,FedProx,84,phase2,0.78366667,0.31979167,0.68025,0.51575
fashionmnist,FedProx,85,phase2,0.7835,0.3135,0.699,0.511625
fashionmnist,FedProx,86,phase2,0.78633333,0.31570833,0.709,0.513125
fashionmnist,FedProx,87,phase2,0.78583333,0.31516667,0.7145,0.5124375
fashionmnist,FedProx,88,phase2,0.782,0.31608333,0.72125,0.5113125
fashionmnist,FedProx,89,phase2,0.78916667,0.31891667,0.73075,0.5108125
fashionmnist,FedProx,90,phase2,0.79183333,0.31570833,0.74825,0.5118125
fashionmnist,FedProx,91,phase2,0.791,0.31495833,0.75025,0.5074375
fashionmnist,FedProx,92,phase2,0.792,0.31583333,0.756,0.50825
fashionmnist,FedProx,93,phase2,0.79233333,0.31783333,0.77075,0.505375
fashionmnist,FedProx,94,phase2,0.79783333,0.31604167,0.77825,0.5076875
fashionmnist,FedProx,95,phase2,0.7955,0.316375,0.78875,0.5075
fashionmnist,FedProx,96,phase2,0.8025,0.32179167,0.796,0.504625
fashionmnist,FedProx,97,phase2,0.801,0.320125,0.797,0.5048125
fashionmnist,FedProx,98,phase2,0.80066667,0.319625,0.80725,0.5016875
fashionmnist,FedProx,99,phase2,0.80016667,0.31866667,0.8145,0.4991875
fashionmnist,FedProx,100,phase2,0.80316667,0.32029167,0.821,0.5003125
fashionmnist,cwFedAvg,0,phase1,0.16666667,0.08333333,,
fashionmnist,cwFedAvg,1,phase1,0.16383333,0.16670833,,
fashionmnist,cwFedAvg,2,phase1,0.38783333,0.255625,,
fashionmnist,cwFedAvg,3,phase1,0.60483333,0.27708333,,
fashionmnist,cwFedAvg,4,phase1,0.696,0.274125,,
fashionmnist,cwFedAvg,5,phase1,0.7585,0.27216667,,
fashionmnist,cwFedAvg,6,phase1,0.79666667,0.26829167,,
fashionmnist,cwFedAvg,7,phase1,0.81583333,0.26866667,,
fashionmnist,cwFedAvg,8,phase1,0.82983333,0.26791667,,
fashionmnist,cwFedAvg,9,phase1,0.83916667,0.26579167,,
fashionmnist,cwFedAvg,10,phase1,0.85,0.26491667,,
fashionmnist,cwFedAvg,11,phase1,0.85766667,0.26416667,,
fashionmnist,cwFedAvg,12,phase1,0.86716667,0.26283333,,
fashionmnist,cwFedAvg,13,phase1,0.87216667,0.262625,,
fashionmnist,cwFedAvg,14,phase1,0.87733333,0.261625,,
fashionmnist,cwFedAvg,15,phase1,0.87983333,0.26075,,
fashionmnist,cwFedAvg,16,phase1,0.8825,0.25929167,,
fashionmnist,cwFedAvg,17,phase1,0.8865,0.25825,,
fashionmnist,cwFedAvg,18,phase1,0.88883333,0.25808333,,
fashionmnist,cwFedAvg,19,phase1,0.8945,0.255375,,
fashionmnist,cwFedAvg,20,phase1,0.8975,0.25383333,,
fashionmnist,cwFedAvg,21,phase1,0.90183333,0.25366667,,
fashionmnist,cwFedAvg,22,phase1,0.90466667,0.25245833,,
fashionmnist,cwFedAvg,23,phase1,0.90883333,0.25233333,,
fashionmnist,cwFedAvg,24,phase1,0.9095,0.24991667,,
fashionmnist,cwFedAvg,25,phase1,0.91083333,0.24775,,
fashionmnist,cwFedAvg,26,phase1,0.91366667,0.24716667,,
fashionmnist,cwFedAvg,27,phase1,0.91383333,0.24704167,,
fashionmnist,cwFedAvg,28,phase1,0.9145,0.245,,
fashionmnist,cwFedAvg,29,phase1,0.91633333,0.243,,
fashionmnist,cwFedAvg,30,phase1,0.91733333,0.242375,,
fashionmnist,cwFedAvg,31,phase1,0.91866667,0.24366667,,
fashionmnist,cwFedAvg,32,phase1,0.92083333,0.24083333,,
fashionmnist,cwFedAvg,33,phase1,0.92116667,0.24091667,,
fashionmnist,cwFedAvg,34,phase1,0.92516667,0.23741667,,
fashionmnist,cwFedAvg,35,phase1,0.92433333,0.23704167,,
fashionmnist,cwFedAvg,36,phase1,0.9275,0.238,,
fashionmnist,cwFedAvg,37,phase1,0.92933333,0.23445833,,
fashionmnist,cwFedAvg,38,phase1,0.92866667,0.23245833,,
fashionmnist,cwFedAvg,39,phase1,0.93183333,0.2345,,
fashionmnist,cwFedAvg,40,phase1,0.93283333,0.23304167,,
fashionmnist,cwFedAvg,41,phase1,0.9315,0.22925,,
fashionmnist,cwFedAvg,42,phase1,0.93216667,0.22729167,,
fashionmnist,cwFedAvg,43,phase1,0.93383333,0.227875,,
fashionmnist,cwFedAvg,44,phase1,0.93533333,0.228,,
fashionmnist,cwFedAvg,45,phase1,0.93616667,0.22683333,,
fashionmnist,cwFedAvg,46,phase1,0.937,0.22416667,,
fashionmnist,cwFedAvg,47,phase1,0.937,0.22279167,,
fashionmnist,cwFedAvg,48,phase1,0.939,0.2215,,
fashionmnist,cwFedAvg,49,phase1,0.93983333,0.22154167,,
fashionmnist,cwFedAvg,50,phase1,0.94066667,0.219875,,
fashionmnist,cwFedAvg,51,phase2,0.94083333,0.21808333,0.0,0.2325
fashionmnist,cwFedAvg,52,phase2,0.91933333,0.18391667,0.0,0.27425
fashionmnist,cwFedAvg,53,phase2,0.911,0.17845833,0.0,0.4166875
fashionmnist,cwFedAvg,54,phase2,0.902,0.1875,0.03625,0.4461875
fashionmnist,cwFedAvg,55,phase2,0.83733333,0.213625,0.1655,0.45275
fashionmnist,cwFedAvg,56,phase2,0.769,0.23725,0.254,0.4676875
fashionmnist,cwFedAvg,57,phase2,0.73233333,0.25595833,0.32,0.4729375
fashionmnist,cwFedAvg,58,phase2,0.708,0.26491667,0.37725,0.466875
fashionmnist,cwFedAvg,59,phase2,0.71516667,0.2635,0.41175,0.4611875
fashionmnist,cwFedAvg,60,phase2,0.713,0.26654167,0.43875,0.452375
fashionmnist,cwFedAvg,61,phase2,0.71266667,0.27470833,0.4545,0.452
fashionmnist,cwFedAvg,62,phase2,0.71933333,0.27604167,0.48225,0.4406875
fashionmnist,cwFedAvg,63,phase2,0.72483333,0.28033333,0.48925,0.4378125
fashionmnist,cwFedAvg,64,phase2,0.72866667,0.2835,0.50375,0.436125
fashionmnist,cwFedAvg,65,phase2,0.7315,0.279875,0.51,0.432375
fashionmnist,cwFedAvg,66,phase2,0.7325,0.28295833,0.5335,0.4314375
fashionmnist,cwFedAvg,67,phase2,0.737,0.28466667,0.53875,0.4319375
fashionmnist,cwFedAvg,68,phase2,0.739,0.293,0.545,0.4345625
fashionmnist,cwFedAvg,69,phase2,0.74166667,0.29095833,0.56425,0.4315
fashionmnist,cwFedAvg,70,phase2,0.74066667,0.29229167,0.5695,0.4335
fashionmnist,cwFedAvg,71,phase2,0.745,0.30141667,0.567,0.4330625
fashionmnist,cwFedAvg,72,phase2,0.74966667,0.30208333,0.56875,0.4346875
fashionmnist,cwFedAvg,73,phase2,0.752,0.29995833,0.58225,0.433875
fashionmnist,cwFedAvg,74,phase2,0.7505,0.30391667,0.578,0.4391875
fashionmnist,cwFedAvg,75,phase2,0.74983333,0.30591667,0.58475,0.4375625
fashionmnist,cwFedAvg,76,phase2,0.7545,0.30458333,0.57825,0.4358125
fashionmnist,cwFedAvg,77,phase2,0.753,0.30020833,0.57975,0.442
fashionmnist,cwFedAvg,78,phase2,0.75466667,0.303625,0.5885,0.4370625
fashionmnist,cwFedAvg,79,phase2,0.75716667,0.302375,0.592,0.4316875
fashionmnist,cwFedAvg,80,phase2,0.75833333,0.307,0.5955,0.4405
fashionmnist,cwFedAvg,81,phase2,0.761,0.303625,0.604,0.4348125
fashionmnist,cwFedAvg,82,phase2,0.76016667,0.304,0.60325,0.4319375
fashionmnist,cwFedAvg,83,phase2,0.76183333,0.30220833,0.60875,0.4316875
fashionmnist,cwFedAvg,84,phase2,0.76216667,0.30304167,0.61,0.44075
fashionmnist,cwFedAvg,85,phase2,0.76366667,0.298875,0.61925,0.4276875
fashionmnist,cwFedAvg,86,phase2,0.7645,0.29966667,0.61425,0.432875
fashionmnist,cwFedAvg,87,phase2,0.76433333,0.29866667,0.62575,0.4305
fashionmnist,cwFedAvg,88,phase2,0.765,0.2985,0.6255,0.430625
fashionmnist,cwFedAvg,89,phase2,0.76766667,0.296625,0.6295,0.42675
fashionmnist,cwFedAvg,90,phase2,0.7705,0.295125,0.63275,0.4276875
fashionmnist,cwFedAvg,91,phase2,0.76966667,0.29283333,0.63725,0.422125
fashionmnist,cwFedAvg,92,phase2,0.77133333,0.29195833,0.641,0.4256875
fashionmnist,cwFedAvg,93,phase2,0.77166667,0.29283333,0.6515,0.4190625
fashionmnist,cwFedAvg,94,phase2,0.77466667,0.2915,0.65225,0.420875
fashionmnist,cwFedAvg,95,phase2,0.775,0.28945833,0.655,0.420125
fashionmnist,cwFedAvg,96,phase2,0.77816667,0.29370833,0.65425,0.4209375
fashionmnist,cwFedAvg,97,phase2,0.779,0.29166667,0.66225,0.41775
fashionmnist,cwFedAvg,98,phase2,0.777,0.29208333,0.665,0.4178125
fashionmnist,cwFedAvg,99,phase2,0.77866667,0.292125,0.6715,0.4126875
fashionmnist,cwFedAvg,100,phase2,0.78466667,0.29245833,0.67525,0.4135
fashionmnist,pFedMe,0,phase1,0.16666667,0.08333333,,
fashionmnist,pFedMe,1,phase1,0.95833333,0.0,,
fashionmnist,pFedMe,2,phase1,0.95933333,0.0,,
fashionmnist,pFedMe,3,phase1,0.96016667,0.0,,
fashionmnist,pFedMe,4,phase1,0.958,0.0,,
fashionmnist,pFedMe,5,phase1,0.96183333,0.0,,
fashionmnist,pFedMe,6,phase1,0.96216667,0.0,,
fashionmnist,pFedMe,7,phase1,0.963,0.0,,
fashionmnist,pFedMe,8,phase1,0.96433333,0.0,,
fashionmnist,pFedMe,9,phase1,0.96083333,0.0,,
fashionmnist,pFedMe,10,phase1,0.96133333,0.0,,
fashionmnist,pFedMe,11,phase1,0.96366667,0.0,,
fashionmnist,pFedMe,12,phase1,0.958,0.0,,
fashionmnist,pFedMe,13,phase1,0.96133333,0.0,,
fashionmnist,pFedMe,14,phase1,0.96333333,0.0,,
fashionmnist,pFedMe,15,phase1,0.95316667,0.0,,
fashionmnist,pFedMe,16,phase1,0.95866667,0.0,,
fashionmnist,pFedMe,17,phase1,0.96233333,0.0,,
fashionmnist,pFedMe,18,phase1,0.96416667,0.0,,
fashionmnist,pFedMe,19,phase1,0.96266667,0.0,,
fashionmnist,pFedMe,20,phase1,0.96066667,0.0,,
fashionmnist,pFedMe,21,phase1,0.95966667,0.0,,
fashionmnist,pFedMe,22,phase1,0.96283333,0.0,,
fashionmnist,pFedMe,23,phase1,0.9615,0.0,,
fashionmnist,pFedMe,24,phase1,0.95983333,0.0,,
fashionmnist,pFedMe,25,phase1,0.96066667,0.0,,
fashionmnist,pFedMe,26,phase1,0.95483333,0.0,,
fashionmnist,pFedMe,27,phase1,0.9615,0.0,,
fashionmnist,pFedMe,28,phase1,0.96366667,0.0,,
fashionmnist,pFedMe,29,phase1,0.96416667,0.0,,
fashionmnist,pFedMe,30,phase1,0.96066667,0.0,,
fashionmnist,pFedMe,31,phase1,0.96216667,0.0,,
fashionmnist,pFedMe,32,phase1,0.96266667,0.0,,
fashionmnist,pFedMe,33,phase1,0.96033333,0.0,,
fashionmnist,pFedMe,34,phase1,0.96066667,0.0,,
fashionmnist,pFedMe,35,phase1,0.959,0.0,,
fashionmnist,pFedMe,36,phase1,0.96383333,0.0,,
fashionmnist,pFedMe,37,phase1,0.963,0.0,,
fashionmnist,pFedMe,38,phase1,0.962,0.0,,
fashionmnist,pFedMe,39,phase1,0.9615,0.0,,
fashionmnist,pFedMe,40,phase1,0.9595,0.0,,
fashionmnist,pFedMe,41,phase1,0.96116667,0.0,,
fashionmnist,pFedMe,42,phase1,0.96183333,0.0,,
fashionmnist,pFedMe,43,phase1,0.96333333,0.0,,
fashionmnist,pFedMe,44,phase1,0.96216667,0.0,,
fashionmnist,pFedMe,45,phase1,0.96116667,0.0,,
fashionmnist,pFedMe,46,phase1,0.96066667,0.0,,
fashionmnist,pFedMe,47,phase1,0.96066667,0.0,,
fashionmnist,pFedMe,48,phase1,0.96166667,0.0,,
fashionmnist,pFedMe,49,phase1,0.96066667,0.0,,
fashionmnist,pFedMe,50,phase1,0.9615,0.0,,
fashionmnist,pFedMe,51,phase2,0.95816667,0.0,0.0,0.125
fashionmnist,pFedMe,52,phase2,0.96533333,0.0,0.996,0.0
fashionmnist,pFedMe,53,phase2,0.95916667,0.0,0.99675,0.0
fashionmnist,pFedMe,54,phase2,0.96283333,0.0,0.997,0.0
fashionmnist,pFedMe,55,phase2,0.96266667,0.0,0.9975,0.0
fashionmnist,pFedMe,56,phase2,0.96016667,0.0,0.9975,0.0
fashionmnist,pFedMe,57,phase2,0.96366667,0.0,0.9975,0.0
fashionmnist,pFedMe,58,phase2,0.96316667,0.0,0.997,0.0
fashionmnist,pFedMe,59,phase2,0.96366667,0.0,0.99675,0.0
fashionmnist,pFedMe,60,phase2,0.96183333,0.0,0.99625,0.0
fashionmnist,pFedMe,61,phase2,0.96366667,0.0,0.997,0.0
fashionmnist,pFedMe,62,phase2,0.96216667,0.0,0.997,0.0
fashionmnist,pFedMe,63,phase2,0.9625,0.0,0.9975,0.0
fashionmnist,pFedMe,64,phase2,0.96283333,0.0,0.997,0.0
fashionmnist,pFedMe,65,phase2,0.96416667,0.0,0.997,0.0
fashionmnist,pFedMe,66,phase2,0.961,0.0,0.997,0.0
fashionmnist,pFedMe,67,phase2,0.96333333,0.0,0.99725,0.0
fashionmnist,pFedMe,68,phase2,0.96483333,0.0,0.99675,0.0
fashionmnist,pFedMe,69,phase2,0.96,0.0,0.9975,0.0
fashionmnist,pFedMe,70,phase2,0.961,0.0,0.99725,0.0
fashionmnist,pFedMe,71,phase2,0.96283333,0.0,0.9975,0.0
fashionmnist,pFedMe,72,phase2,0.96433333,0.0,0.9965,0.0
fashionmnist,pFedMe,73,phase2,0.96416667,0.0,0.99725,0.0
fashionmnist,pFedMe,74,phase2,0.96116667,0.0,0.9975,0.0
fashionmnist,pFedMe,75,phase2,0.9635,0.0,0.99725,0.0
fashionmnist,pFedMe,76,phase2,0.9615,0.0,0.9975,0.0
fashionmnist,pFedMe,77,phase2,0.959,0.0,0.9975,0.0
fashionmnist,pFedMe,78,phase2,0.96133333,0.0,0.9975,0.0
fashionmnist,pFedMe,79,phase2,0.96116667,0.0,0.9975,0.0
fashionmnist,pFedMe,80,phase2,0.95983333,0.0,0.998,0.0
fashionmnist,pFedMe,81,phase2,0.9605,0.0,0.9965,0.0
fashionmnist,pFedMe,82,phase2,0.963,0.0,0.996,0.0
fashionmnist,pFedMe,83,phase2,0.964,0.0,0.99675,0.0
fashionmnist,pFedMe,84,phase2,0.96133333,0.0,0.99725,0.0
fashionmnist,pFedMe,85,phase2,0.96083333,0.0,0.99725,0.0
fashionmnist,pFedMe,86,phase2,0.9615,0.0,0.9975,0.0
fashionmnist,pFedMe,87,phase2,0.96066667,0.0,0.9965,0.0
fashionmnist,pFedMe,88,phase2,0.9625,0.0,0.99775,0.0
fashionmnist,pFedMe,89,phase2,0.95983333,0.0,0.9975,0.0
fashionmnist,pFedMe,90,phase2,0.96233333,0.0,0.99725,0.0
fashionmnist,pFedMe,91,phase2,0.9615,0.0,0.99675,0.0
fashionmnist,pFedMe,92,phase2,0.964,0.0,0.99675,0.0
fashionmnist,pFedMe,93,phase2,0.9635,0.0,0.997,0.0
fashionmnist,pFedMe,94,phase2,0.96266667,0.0,0.997,0.0
fashionmnist,pFedMe,95,phase2,0.96233333,0.0,0.9975,0.0
fashionmnist,pFedMe,96,phase2,0.95883333,0.0,0.99675,0.0
fashionmnist,pFedMe,97,phase2,0.9635,0.0,0.997,0.0
fashionmnist,pFedMe,98,phase2,0.96333333,0.0,0.99725,0.0
fashionmnist,pFedMe,99,phase2,0.96216667,0.0,0.99675,0.0
fashionmnist,pFedMe,100,phase2,0.96366667,0.0,0.997,0.0
